店铺ID,店铺名称,2024年1月,2024年2月,2024年3月,2024年4月,2024年5月,2024年6月,2024年7月,2024年8月,2024年9月,2024年10月,2024年11月,2024年12月,2025年1月,2025年2月,2025年3月,2025年4月,2025年5月,2025年6月,2025年7月,2025年8月,2025年9月,2025年10月,2025年11月,2025年12月,2026年1月,2026年2月,2026年3月,2026年4月,2026年5月,,,,,,,,,,,,,,,,,,,,,,,,,,,,,
518382,东北书局,0,0,0,0,0,0,0,0,0,0,0,0,0,0,0,0,0,0,0,0,0,0,0,0,0,0,271,843,526,,,,,,,,,,,,,,,,,,,,,,,,,,,,,
518381,河源市祝君好教育科技有限公司,0,0,0,0,0,0,0,0,0,0,0,0,0,0,0,0,0,0,0,0,0,0,0,0,0,20,0,0,0,,,,,,,,,,,,,,,,,,,,,,,,,,,,,
168968,海浪书生,0,0,0,0,0,0,0,0,0,0,0,0,0,0,0,0,0,0,0,0,0,0,0,0,0,0,0,0,0,,,,,,,,,,,,,,,,,,,,,,,,,,,,,
518061,梁山金大文化传媒有限公司,0,0,0,0,0,0,0,0,0,0,0,0,0,0,0,0,0,0,0,0,0,0,0,0,523,158,1588,1636,130,,,,,,,,,,,,,,,,,,,,,,,,,,,,,
516850,阳光同学文化股份有限公司,0,0,0,0,0,0,0,0,0,0,0,0,0,0,0,0,0,0,0,0,0,0,0,0,0,0,0,0,0,,,,,,,,,,,,,,,,,,,,,,,,,,,,,
516849,湖北省智慧源文化发展有限公司,0,0,0,0,0,0,0,0,0,0,0,0,0,0,0,0,0,0,0,0,0,0,0,28,50,32,0,5,40,,,,,,,,,,,,,,,,,,,,,,,,,,,,,
516315,安徽庐阳书社图书有限公司,0,0,0,0,0,0,0,0,0,0,0,0,0,0,0,0,0,0,0,0,0,0,0,276,1347,0,0,0,0,,,,,,,,,,,,,,,,,,,,,,,,,,,,,
515889,黑龙江省知行书刊经销有限公司,0,0,0,0,0,0,0,0,0,0,0,0,0,0,0,0,0,0,0,0,0,0,0,136,0,0,0,0,0,,,,,,,,,,,,,,,,,,,,,,,,,,,,,
516314,潍坊新奇点教育科技有限公司,0,0,0,0,0,0,0,0,0,0,0,0,0,0,0,0,0,0,0,0,0,0,0,11,0,0,0,0,0,,,,,,,,,,,,,,,,,,,,,,,,,,,,,
514867,拾光树文化,0,0,0,0,0,0,0,0,0,0,0,0,0,0,0,0,0,0,0,0,0,0,1908,5695,3434,3056,2435,3722,1369,,,,,,,,,,,,,,,,,,,,,,,,,,,,,
514602,武汉思颖琪文化传播有限公司,0,0,0,0,0,0,0,0,0,0,0,0,0,0,0,0,0,0,0,0,0,0,30,20,0,11,39,23,29,,,,,,,,,,,,,,,,,,,,,,,,,,,,,
514604,广西接班人教育科技有限公司,0,0,0,0,0,0,0,0,0,0,0,0,0,0,0,0,0,0,0,0,0,0,10,0,0,0,0,0,0,,,,,,,,,,,,,,,,,,,,,,,,,,,,,
514605,合肥优视教育科技有限公司,0,0,0,0,0,0,0,0,0,0,0,0,0,0,0,0,0,0,0,0,0,0,66,266,0,0,0,0,0,,,,,,,,,,,,,,,,,,,,,,,,,,,,,
514603,陕西明天教育科技发展有限公司,0,0,0,0,0,0,0,0,0,0,0,0,0,0,0,0,0,0,0,0,0,0,786,0,156,572,620,0,0,,,,,,,,,,,,,,,,,,,,,,,,,,,,,
514606,河南理想图书发行有限公司,0,0,0,0,0,0,0,0,0,0,0,0,0,0,0,0,0,0,0,0,0,0,766,668,0,0,0,0,0,,,,,,,,,,,,,,,,,,,,,,,,,,,,,
513170,阜阳市三味书屋教育科技有限公司,0,0,0,0,0,0,0,0,0,0,0,0,0,0,0,0,0,0,0,0,0,20,0,0,0,0,0,0,0,,,,,,,,,,,,,,,,,,,,,,,,,,,,,
513172,沈阳刷考点教辅图书有限公司,0,0,0,0,0,0,0,0,0,0,0,0,0,0,0,0,0,0,0,0,0,83,311,652,125,47,33,48,106,,,,,,,,,,,,,,,,,,,,,,,,,,,,,
512829,长沙学有成教育科技有限公司,0,0,0,0,0,0,0,0,0,0,0,0,0,0,0,0,0,0,0,0,0,0,0,0,0,0,0,0,0,,,,,,,,,,,,,,,,,,,,,,,,,,,,,
513171,安徽迈进文化传播有限公司,0,0,0,0,0,0,0,0,0,0,0,0,0,0,0,0,0,0,0,0,0,0,745,62,10,0,0,0,0,,,,,,,,,,,,,,,,,,,,,,,,,,,,,
512822,秒懂国际图书（北京）有限公司,0,0,0,0,0,0,0,0,0,0,0,0,0,0,0,0,0,0,0,0,0,0,0,0,0,0,0,0,0,,,,,,,,,,,,,,,,,,,,,,,,,,,,,
512825,湖南华文出版传媒有限公司,0,0,0,0,0,0,0,0,0,0,0,0,0,0,0,0,0,0,0,0,4,0,410,0,11,0,0,6,0,,,,,,,,,,,,,,,,,,,,,,,,,,,,,
511590,衡水天枢教育发展有限公司,0,0,0,0,0,0,0,0,0,0,0,0,0,0,0,0,0,0,0,879,2893,1562,0,890,856,467,436,942,747,,,,,,,,,,,,,,,,,,,,,,,,,,,,,
511775,陕西文韬文化传媒有限公司,0,0,0,0,0,0,0,0,0,0,0,0,0,0,0,0,0,0,0,0,109,984,429,1099,0,0,191,734,971,,,,,,,,,,,,,,,,,,,,,,,,,,,,,
511294,河南晨轩文化科技有限公司,0,0,0,0,0,0,0,0,0,0,0,0,0,0,0,0,0,0,0,30,169,206,156,285,0,123,470,381,475,,,,,,,,,,,,,,,,,,,,,,,,,,,,,
511284,长春玖典文化传媒有限公司,0,0,0,0,0,0,0,0,0,0,0,0,0,0,0,0,0,0,0,61,0,0,0,0,0,0,0,0,0,,,,,,,,,,,,,,,,,,,,,,,,,,,,,
511770,保定益岸图书销售有限公司,0,0,0,0,0,0,0,0,0,0,0,0,0,0,0,0,0,0,0,15,0,0,42,121,0,0,0,0,0,,,,,,,,,,,,,,,,,,,,,,,,,,,,,
511592,武汉市启越教育咨询有限公司,0,0,0,0,0,0,0,0,0,0,0,0,0,0,0,0,0,0,0,0,0,0,0,0,0,0,0,0,0,,,,,,,,,,,,,,,,,,,,,,,,,,,,,
511593,天津东岛传媒科技有限公司,0,0,0,0,0,0,0,0,0,0,0,0,0,0,0,0,0,0,0,59,283,8,0,0,0,0,0,0,0,,,,,,,,,,,,,,,,,,,,,,,,,,,,,
511776,驭书斋（天津）文化传播有限公司,0,0,0,0,0,0,0,0,0,0,0,0,0,0,0,0,0,0,0,0,189,0,143,318,132,6,0,281,29,,,,,,,,,,,,,,,,,,,,,,,,,,,,,
511434,山东瓜二文化传媒有限公司,0,0,0,0,0,0,0,0,0,0,0,0,0,0,0,0,0,0,0,117,0,0,0,0,0,0,0,0,0,,,,,,,,,,,,,,,,,,,,,,,,,,,,,
510374,河北行知文化传媒有限责任公司,0,0,0,0,0,0,0,0,0,0,0,0,0,0,0,0,0,0,5,14,41,78,47,32,4,8,11,10,6,,,,,,,,,,,,,,,,,,,,,,,,,,,,,
507430,广州习阅文化传媒有限公司,0,0,0,0,0,0,0,0,0,0,0,0,0,0,0,0,0,0,10,40,38,258,277,439,199,19,32,543,181,,,,,,,,,,,,,,,,,,,,,,,,,,,,,
507429,惠来县薪火科技有限公司,0,0,0,0,0,0,0,0,0,0,0,0,0,0,0,0,0,0,0,0,0,0,0,0,0,0,0,0,0,,,,,,,,,,,,,,,,,,,,,,,,,,,,,
506294,慧课教育科技（广东）有限公司,0,0,0,0,0,0,0,0,0,0,0,0,0,0,0,0,0,65,482,300,0,0,0,0,124,26,28,33,8,,,,,,,,,,,,,,,,,,,,,,,,,,,,,
905437,梁山高智传媒科技中心（个体工商户）,0,0,0,0,0,0,0,0,0,0,0,0,0,0,0,0,0,759,868,2366,1585,2181,2067,5539,4585,1461,3910,3461,763,,,,,,,,,,,,,,,,,,,,,,,,,,,,,
505620,湖南书虫教育科技有限公司,0,0,0,0,0,0,0,0,0,0,0,0,0,0,0,0,0,3155,1405,0,54,56,57,5,0,0,0,770,102,,,,,,,,,,,,,,,,,,,,,,,,,,,,,
505618,盛世华阅文化传媒（北京）有限公司,0,0,0,0,0,0,0,0,0,0,0,0,0,0,0,0,0,137,78,82,81,77,107,1864,1757,143,210,99,54,,,,,,,,,,,,,,,,,,,,,,,,,,,,,
505017,河南写意年华教育科技有限公司,0,0,0,0,0,0,0,0,0,0,0,0,0,0,0,0,37,72,128,108,109,123,119,133,0,0,0,0,0,,,,,,,,,,,,,,,,,,,,,,,,,,,,,
505619,上海云珏文化传播有限公司,0,0,0,0,0,0,0,0,0,0,0,0,0,0,0,0,0,0,0,0,0,0,0,0,0,0,0,0,0,,,,,,,,,,,,,,,,,,,,,,,,,,,,,
503992,济宁长歌文化传媒有限公司,0,0,0,0,0,0,0,0,0,0,0,0,0,0,0,2207,805,643,2848,265,595,2598,2536,1492,448,0,3206,2352,780,,,,,,,,,,,,,,,,,,,,,,,,,,,,,
503080,福建人民出版社有限责任公司,0,0,0,0,0,0,0,0,0,0,0,0,0,0,0,880,427,0,0,43,400,386,221,166,4,217,418,177,135,,,,,,,,,,,,,,,,,,,,,,,,,,,,,
504617,合肥三新教育科技有限公司,0,0,0,0,0,0,0,0,0,0,0,0,0,0,0,181,16,0,0,0,0,0,0,0,255,0,0,0,0,,,,,,,,,,,,,,,,,,,,,,,,,,,,,
504622,江苏有为咨询有限公司,0,0,0,0,0,0,0,0,0,0,0,0,0,0,0,0,19,1,1,0,1,0,0,0,19,0,0,0,0,,,,,,,,,,,,,,,,,,,,,,,,,,,,,
504623,山东开心图书有限公司,0,0,0,0,0,0,0,0,0,0,0,0,0,0,0,0,744,443,1123,13,157,75,88,149,0,31,152,34,32,,,,,,,,,,,,,,,,,,,,,,,,,,,,,
503076,聊城市开发区题酷网络科技服务中心,0,0,0,0,0,0,0,0,0,0,0,0,0,0,0,0,66,0,0,0,0,0,0,0,0,0,0,0,0,,,,,,,,,,,,,,,,,,,,,,,,,,,,,
503079,郑州启明星书业有限公司,0,0,0,0,0,0,0,0,0,0,0,0,0,0,0,0,0,0,0,2,67,47,24,37,0,0,7,0,64,,,,,,,,,,,,,,,,,,,,,,,,,,,,,
503077,河北兴园书刊有限公司,0,0,0,0,0,0,0,0,0,0,0,0,0,0,0,109,36,35,0,0,0,0,0,0,0,0,0,0,0,,,,,,,,,,,,,,,,,,,,,,,,,,,,,
503078,武汉市好学途文化传媒有限公司,0,0,0,0,0,0,0,0,0,0,0,0,0,0,0,0,30,30,0,10,20,10,57,107,40,44,16,40,0,,,,,,,,,,,,,,,,,,,,,,,,,,,,,
502866,四川云思路图书销售有限公司,0,0,0,0,0,0,0,0,0,0,0,0,0,0,22,11,8,10,0,48,40,0,0,0,0,0,0,0,0,,,,,,,,,,,,,,,,,,,,,,,,,,,,,
502056,潍坊振发文化发展有限公司,0,0,0,0,0,0,0,0,0,0,0,0,0,360,0,491,1357,0,0,0,0,0,47,373,0,0,0,729,253,,,,,,,,,,,,,,,,,,,,,,,,,,,,,
501922,杭州盛世久顺文化发展有限公司,0,0,0,0,0,0,0,0,0,0,0,714,36,0,0,0,0,0,0,0,68,0,0,0,0,0,0,0,0,,,,,,,,,,,,,,,,,,,,,,,,,,,,,
501752,安徽育甲优创教育科技有限公司,0,0,0,0,0,0,0,0,0,0,0,77,0,0,0,427,0,0,0,0,0,0,0,0,0,0,0,0,0,,,,,,,,,,,,,,,,,,,,,,,,,,,,,
501417,西安尚墨文化传播有限公司,0,0,0,0,0,0,0,0,0,0,54,0,0,0,0,0,0,0,0,0,0,0,0,0,0,0,0,0,0,,,,,,,,,,,,,,,,,,,,,,,,,,,,,
501751,昆明初莫文化传播有限公司,0,0,0,0,0,0,0,0,0,0,0,0,0,0,0,0,0,0,0,0,0,0,0,0,0,0,0,0,0,,,,,,,,,,,,,,,,,,,,,,,,,,,,,
501571,河北鸿硕教育科技有有限公司,0,0,0,0,0,0,0,0,0,0,15,297,0,0,0,105,0,0,11,0,137,224,330,0,0,94,106,84,0,,,,,,,,,,,,,,,,,,,,,,,,,,,,,
501237,兰州书志文化传播有限公司,0,0,0,0,0,0,0,0,0,84,0,0,0,0,0,0,0,0,0,0,0,0,0,108,0,0,0,0,0,,,,,,,,,,,,,,,,,,,,,,,,,,,,,
501416,河南超图教育科技有限公司,0,0,0,0,0,0,0,0,0,0,0,0,0,0,0,0,0,0,0,0,0,0,0,0,0,0,0,0,0,,,,,,,,,,,,,,,,,,,,,,,,,,,,,
501415,中数数字科技（山东）有限公司,0,0,0,0,0,0,0,0,0,0,18,1630,5,3,3,3,2,0,0,0,0,0,0,0,0,0,0,0,0,,,,,,,,,,,,,,,,,,,,,,,,,,,,,
501236,宁波涌济文化发展有限公司,0,0,0,0,0,0,0,0,0,62,49,70,23,16,83,89,38,26,49,2,38,113,90,122,18,29,103,73,0,,,,,,,,,,,,,,,,,,,,,,,,,,,,,
501085,广东宾博文化传播有限公司,0,0,0,0,0,0,0,0,192,0,0,0,0,0,0,0,0,0,0,0,0,0,0,0,0,0,0,0,0,,,,,,,,,,,,,,,,,,,,,,,,,,,,,
501234,安徽振乾文化传媒有限公司,0,0,0,0,0,0,0,0,244,0,0,0,0,0,0,0,0,0,0,0,0,22,0,0,0,3,8,3,8,,,,,,,,,,,,,,,,,,,,,,,,,,,,,
500775,杭州润游图书有限公司,0,0,0,0,0,0,0,402,486,0,0,0,0,0,0,381,0,0,0,8,46,0,0,70,0,0,0,0,0,,,,,,,,,,,,,,,,,,,,,,,,,,,,,
501086,四川省教育电子音像出版社有限公司,0,0,0,0,0,0,0,0,0,2343,109,11,0,0,0,0,0,0,0,0,0,0,0,0,0,0,0,0,0,,,,,,,,,,,,,,,,,,,,,,,,,,,,,
500774,上海汇熙文化传播有限公司,0,0,0,0,0,0,0,0,65,0,0,0,0,0,0,0,0,0,0,0,0,0,0,0,0,0,0,0,0,,,,,,,,,,,,,,,,,,,,,,,,,,,,,
500779,河南王瑞教育科技有限公司,0,0,0,0,0,0,0,0,214,0,0,0,0,0,0,299,162,0,0,0,0,0,0,0,0,0,0,0,0,,,,,,,,,,,,,,,,,,,,,,,,,,,,,
500772,重庆大学电子音像出版社有限公司,0,0,0,0,0,0,0,691,0,0,0,0,0,43,30,312,31,28,80,0,0,0,0,0,0,0,0,0,0,,,,,,,,,,,,,,,,,,,,,,,,,,,,,
500769,山东状元桥文化传播有限公司,0,0,0,0,0,0,0,211,0,0,0,0,0,0,0,0,0,0,0,0,0,0,0,0,0,0,0,0,0,,,,,,,,,,,,,,,,,,,,,,,,,,,,,
500768,北京一本通文化传媒有限公司,0,0,0,0,0,0,0,0,0,0,0,0,0,0,0,0,0,0,0,0,0,0,0,0,0,0,0,0,0,,,,,,,,,,,,,,,,,,,,,,,,,,,,,
500746,北京清北华杰文化科技有限公司,0,0,0,0,0,0,0,0,0,0,0,0,0,0,0,0,0,0,0,0,0,0,0,0,0,0,0,0,0,,,,,,,,,,,,,,,,,,,,,,,,,,,,,
500770,石家庄朗诚文化传媒有限公司,0,0,0,0,0,0,332,0,0,0,0,0,0,0,0,0,0,0,0,0,0,0,0,0,0,0,0,0,0,,,,,,,,,,,,,,,,,,,,,,,,,,,,,
500745,深圳天骄文化传播有限公司,0,0,0,0,0,2219,12853,0,0,884,4589,1437,367,16,9,0,2693,322,20,0,0,3893,1989,1533,10,0,0,0,3454,,,,,,,,,,,,,,,,,,,,,,,,,,,,,
500744,唐山泓延文化传媒有限公司,0,0,0,0,0,0,13,0,0,0,0,6,0,0,0,0,0,0,0,0,0,0,0,0,0,0,0,0,0,,,,,,,,,,,,,,,,,,,,,,,,,,,,,
800049,北京科学技术出版社有限公司,0,0,0,0,0,0,13,0,0,0,0,0,0,0,0,0,0,0,0,0,0,0,0,0,0,0,0,0,0,,,,,,,,,,,,,,,,,,,,,,,,,,,,,
500743,西南大学出版社有限公司,0,0,0,0,0,66,0,0,8,8,9,11,0,0,0,0,0,0,0,0,0,0,0,0,0,0,0,0,0,,,,,,,,,,,,,,,,,,,,,,,,,,,,,
500742,辽宁书林文化传播有限公司,0,0,0,0,0,0,0,45,0,56,0,0,0,0,0,0,0,0,0,0,0,0,0,0,0,0,0,0,0,,,,,,,,,,,,,,,,,,,,,,,,,,,,,
500731,陕西奔跑加文化传播有限公司,0,0,0,0,1187,3695,3039,1573,616,173,434,1673,981,386,336,417,553,188,62,77,228,138,125,32,0,0,0,1355,170,,,,,,,,,,,,,,,,,,,,,,,,,,,,,
500741,河南省雅润天宏文化传媒有限公司,0,0,0,0,9,18,36,0,0,0,0,0,0,0,0,0,0,0,0,0,0,0,0,0,0,0,0,0,0,,,,,,,,,,,,,,,,,,,,,,,,,,,,,
500738,山西三重图书有限公司,0,0,0,0,0,14,0,44,0,37,0,0,0,0,0,0,0,0,0,0,0,0,0,0,0,0,0,0,0,,,,,,,,,,,,,,,,,,,,,,,,,,,,,
500726,湖南老唐说题教育咨询有限公司,0,0,0,260,0,5,0,0,0,0,0,0,0,0,0,0,0,0,0,0,0,0,0,0,0,0,0,0,0,,,,,,,,,,,,,,,,,,,,,,,,,,,,,
500717,山东甘一文化科技有限公司,0,0,0,0,0,0,0,0,0,0,0,0,0,0,0,0,0,0,0,0,0,0,0,0,0,0,0,0,0,,,,,,,,,,,,,,,,,,,,,,,,,,,,,
500724,陕西智优文化传媒有限公司,0,0,48,756,199,156,81,59,66,81,68,96,0,70,62,104,56,71,254,1,0,0,0,0,0,0,0,0,0,,,,,,,,,,,,,,,,,,,,,,,,,,,,,
800053,大连理工大学出版社有限公司,0,0,0,167,0,0,0,0,0,0,0,0,0,0,0,0,0,0,0,0,0,0,0,0,0,0,0,0,0,,,,,,,,,,,,,,,,,,,,,,,,,,,,,
500722,江苏华阅万卷教育科技有限公司,0,0,319,0,1147,0,0,0,0,0,0,0,0,4,5,552,3,0,0,0,0,0,0,0,0,0,0,0,0,,,,,,,,,,,,,,,,,,,,,,,,,,,,,
500698,武汉智云优鸿科技有限公司,0,0,2278,150,159,71,0,0,39,0,0,0,0,0,0,0,0,0,0,0,0,0,0,0,0,0,0,0,0,,,,,,,,,,,,,,,,,,,,,,,,,,,,,
500709,山东普高文化教育有限公司,0,126,0,10,0,0,0,0,10,10,0,0,0,0,0,0,11,0,0,0,0,0,0,0,0,0,0,0,0,,,,,,,,,,,,,,,,,,,,,,,,,,,,,
500696,山东面向未来图书销售有限公司,100,1080,878,731,490,617,0,369,570,1257,1069,1249,653,462,586,1527,896,370,55,47,188,122,842,1085,28,0,329,506,635,,,,,,,,,,,,,,,,,,,,,,,,,,,,,
800011,宁波出版社有限公司,105,81,114,98,436,0,324,0,0,0,0,0,0,439,62,93,530,131,41,107,161,224,188,125,2,0,0,397,5,,,,,,,,,,,,,,,,,,,,,,,,,,,,,
900000,长安学林文具用品经销部,0,0,0,0,101,32,90,69,40,74,0,92,132,91,0,2,0,144,129,53,50,0,0,100,128,99,0,0,0,,,,,,,,,,,,,,,,,,,,,,,,,,,,,
500109,时代京版（北京）文化传播有限公司,239,137,40,20,6,0,0,0,0,265,506,487,108,2,145,221,154,0,0,0,0,0,0,0,0,0,0,0,0,,,,,,,,,,,,,,,,,,,,,,,,,,,,,
500243,众相原创文化传播陕西有限公司,798,918,547,62,0,78,322,422,535,519,1555,1521,1882,3403,1966,1006,984,555,461,502,525,557,549,2425,1097,2227,8434,1070,146,,,,,,,,,,,,,,,,,,,,,,,,,,,,,
500546,众望益飞教育科技（北京）有限公司,1012,1223,1122,2772,1113,445,426,757,765,862,1116,659,226,268,2519,986,596,0,0,925,1392,1505,1679,1762,222,1241,1141,899,1323,,,,,,,,,,,,,,,,,,,,,,,,,,,,,
500547,广州星达数码科技有限公司,8,0,13,161,11,11,10,19,1,173,11,2,0,4,46,8,16,0,16,0,6,0,13,4,0,0,20,0,0,,,,,,,,,,,,,,,,,,,,,,,,,,,,,
500089,洛阳字里行间文化传播有限公司,659,0,812,530,535,118,0,0,164,160,164,224,0,0,0,0,0,0,0,0,45,424,246,260,0,0,0,0,0,,,,,,,,,,,,,,,,,,,,,,,,,,,,,
500170,山东一得文化科技有限公司,10,0,0,64,0,10,36,0,0,10,10,0,10,0,11,0,36,17,0,9,27,47,0,40,11,18,9,9,11,,,,,,,,,,,,,,,,,,,,,,,,,,,,,
500121,浙江金睿文化传媒有限公司,0,0,0,0,0,0,0,0,0,0,0,0,0,0,0,0,0,0,0,0,0,0,0,0,0,0,0,0,0,,,,,,,,,,,,,,,,,,,,,,,,,,,,,
500169,合肥市徽文文化传播有限公司,0,93,621,458,334,105,0,456,75,68,89,111,0,0,0,0,0,0,0,0,0,0,0,0,0,0,0,0,0,,,,,,,,,,,,,,,,,,,,,,,,,,,,,
500228,辽宁考点文化图书有限公司,0,0,0,3,0,0,0,0,0,0,0,0,0,0,0,0,0,0,306,12,18,24,0,0,0,0,0,0,0,,,,,,,,,,,,,,,,,,,,,,,,,,,,,
500168,梁山学易优文化传媒有限公司,111,38,0,0,0,0,0,0,0,0,0,0,0,0,0,0,0,0,0,0,0,0,0,0,0,0,0,0,0,,,,,,,,,,,,,,,,,,,,,,,,,,,,,
500545,三圆文化传媒广州有限公司,0,0,0,0,0,48,0,0,0,0,258,34,0,0,0,0,0,0,0,0,0,0,0,0,0,0,0,0,0,,,,,,,,,,,,,,,,,,,,,,,,,,,,,
500241,山东舵手网络科技有限公司,0,0,0,52,0,0,0,0,0,0,0,0,0,3,0,18,3,0,0,0,0,0,0,0,0,0,108,224,242,,,,,,,,,,,,,,,,,,,,,,,,,,,,,
500167,河北鸿浩教育科技有限公司,0,0,0,0,0,0,0,0,0,0,0,0,0,0,358,0,0,0,0,0,0,0,0,0,0,0,0,0,0,,,,,,,,,,,,,,,,,,,,,,,,,,,,,
500150,河南君德容文化传播有限公司,0,0,0,0,0,0,0,0,0,0,21,70,71,158,164,0,0,0,0,0,0,0,0,0,0,0,0,0,0,,,,,,,,,,,,,,,,,,,,,,,,,,,,,
500692,素养导向北京教育科技有限公司,104,0,0,0,0,0,0,0,0,0,0,0,0,0,0,0,0,0,0,0,0,0,0,0,0,0,0,0,0,,,,,,,,,,,,,,,,,,,,,,,,,,,,,
500586,阅盟教育科技（广东）有限公司,0,0,0,0,0,0,0,0,0,0,0,0,0,0,0,0,0,0,0,0,0,0,0,0,0,0,0,0,0,,,,,,,,,,,,,,,,,,,,,,,,,,,,,
500126,师者教育科技（山东）有限公司,0,0,0,0,0,0,0,0,0,0,0,0,0,0,0,0,0,0,0,0,0,0,0,0,0,0,0,0,0,,,,,,,,,,,,,,,,,,,,,,,,,,,,,
500123,中报二十一世纪（北京）传媒科技有限公司,0,0,0,0,55,0,0,0,0,0,0,0,0,0,0,0,0,0,0,0,0,0,0,0,0,0,0,0,0,,,,,,,,,,,,,,,,,,,,,,,,,,,,,
500180,济南木叉教育科技有限公司,0,0,0,0,0,0,0,0,0,0,0,0,0,0,0,0,0,0,0,0,0,0,0,0,0,0,0,0,0,,,,,,,,,,,,,,,,,,,,,,,,,,,,,
500122,淄博书通数字文化发展有限公司,0,0,0,0,0,0,0,0,0,0,0,0,0,0,0,0,0,0,0,0,0,0,0,0,0,0,0,0,0,,,,,,,,,,,,,,,,,,,,,,,,,,,,,
500108,北京千锋互联科技有限公司,0,0,273,595,0,18,878,149,0,0,0,0,0,0,0,0,0,0,0,0,0,0,0,0,0,0,0,0,0,,,,,,,,,,,,,,,,,,,,,,,,,,,,,
500110,洛阳燕川文化传播有限公司,0,0,0,0,0,0,0,0,0,0,0,0,0,0,0,0,0,0,0,0,0,0,0,0,0,0,0,0,0,,,,,,,,,,,,,,,,,,,,,,,,,,,,,
500502,盛华轩文化发展（北京）有限公司,0,0,0,0,0,0,0,0,0,0,0,0,0,0,0,0,0,0,0,0,0,0,0,0,0,0,0,0,0,,,,,,,,,,,,,,,,,,,,,,,,,,,,,
500153,聊城广源图书发行有限公司,0,0,0,0,0,0,0,0,0,0,0,0,0,0,0,0,0,0,0,0,0,0,0,0,0,0,0,0,0,,,,,,,,,,,,,,,,,,,,,,,,,,,,,
500107,山西英雅特教育科技有限公司,0,0,0,0,0,0,0,0,0,0,0,0,0,0,0,0,0,0,0,0,0,0,0,0,0,0,0,0,0,,,,,,,,,,,,,,,,,,,,,,,,,,,,,
500450,陕西泰杰超信科技有限公司,0,0,0,0,0,0,0,0,0,0,0,0,0,0,0,0,0,0,0,0,0,0,0,0,0,0,0,0,0,,,,,,,,,,,,,,,,,,,,,,,,,,,,,
500695,阳谷天盛文化传媒有限公司,36,0,0,0,0,0,0,0,0,0,0,0,0,0,0,0,0,0,0,0,0,0,0,0,0,0,0,0,0,,,,,,,,,,,,,,,,,,,,,,,,,,,,,
500152,武汉领跑文化科技有限公司,0,0,0,0,0,0,0,0,0,0,0,0,0,0,0,0,0,0,0,0,0,0,0,0,0,0,0,0,0,,,,,,,,,,,,,,,,,,,,,,,,,,,,,
800009,青岛出版社有限公司,0,0,0,0,0,0,0,0,0,0,0,0,0,0,0,0,0,0,0,0,0,0,0,0,0,0,0,0,0,,,,,,,,,,,,,,,,,,,,,,,,,,,,,
500127,山东泉之源文化传媒有限公司,0,0,0,0,0,0,0,0,0,0,0,0,0,0,0,0,0,0,0,0,0,0,0,0,0,0,0,0,0,,,,,,,,,,,,,,,,,,,,,,,,,,,,,
500182,深圳益学教育科技有限公司,0,0,0,0,0,0,0,0,0,0,0,0,0,0,0,0,0,0,0,0,0,0,0,0,0,0,0,0,0,,,,,,,,,,,,,,,,,,,,,,,,,,,,,
500601,河南爱智慧文化传播有限公司,0,0,0,0,0,0,0,0,0,0,0,0,0,0,0,0,0,0,0,0,0,0,0,0,0,0,0,0,0,,,,,,,,,,,,,,,,,,,,,,,,,,,,,
500166,黑龙江金钥匙图书经销有限公司,0,0,0,0,0,0,0,0,0,0,0,0,0,0,0,0,0,0,0,0,0,0,0,0,0,0,0,0,0,,,,,,,,,,,,,,,,,,,,,,,,,,,,,
500151,山东状元廊文化传媒有限公司,0,0,0,0,0,0,0,0,0,0,0,0,0,0,0,0,0,0,0,0,0,0,0,0,0,0,0,0,0,,,,,,,,,,,,,,,,,,,,,,,,,,,,,
500119,合肥小思贸易有限公司,0,0,0,0,0,0,0,0,0,0,0,0,0,0,0,0,0,0,0,0,0,0,0,0,0,0,0,0,0,,,,,,,,,,,,,,,,,,,,,,,,,,,,,
500594,青岛五车书教育咨询服务有限公司,0,0,0,0,0,0,0,0,0,0,0,0,0,0,0,0,0,0,0,0,0,0,0,0,0,0,0,0,0,,,,,,,,,,,,,,,,,,,,,,,,,,,,,
500406,北京新华先锋出版科技有限公司,0,0,0,0,0,0,0,0,0,0,0,0,0,0,0,0,0,0,0,0,0,0,0,0,0,0,0,0,0,,,,,,,,,,,,,,,,,,,,,,,,,,,,,
500600,山西百佳文化传播有限公司,0,0,0,0,0,0,0,0,0,0,0,0,0,0,0,0,0,0,0,0,0,0,0,0,0,0,0,0,0,,,,,,,,,,,,,,,,,,,,,,,,,,,,,
500225,济南皓博图书有限公司,60,131,84,32,22,0,0,0,6,0,34,18,0,0,0,0,0,0,0,0,0,0,0,4,0,0,0,0,0,,,,,,,,,,,,,,,,,,,,,,,,,,,,,
500183,山东孟儒文化传媒有限公司,0,0,0,0,0,0,704,0,1,0,0,0,0,0,0,0,0,0,0,0,0,0,0,0,0,0,0,0,0,,,,,,,,,,,,,,,,,,,,,,,,,,,,,
800010,江苏凤凰电子音像出版社有限公司,0,0,0,0,0,0,0,0,0,0,1593,95,0,0,0,4,0,0,0,0,0,0,0,0,0,0,0,0,0,,,,,,,,,,,,,,,,,,,,,,,,,,,,,
500129,上海万瑞威尔文化创意有限公司,78,73,56,52,32,6,0,0,0,0,0,0,0,0,0,0,0,0,0,0,0,0,0,0,0,0,0,0,0,,,,,,,,,,,,,,,,,,,,,,,,,,,,,
500149,河南小旗手图书销售有限公司,437,6,190,177,5,0,0,0,0,0,0,0,0,0,0,0,0,0,0,0,0,0,0,0,0,0,0,0,0,,,,,,,,,,,,,,,,,,,,,,,,,,,,,
500148,郑州纳睿文化传播有限公司,0,0,0,0,0,0,0,0,0,0,0,0,0,0,0,0,0,0,0,0,0,0,0,0,0,0,0,0,0,,,,,,,,,,,,,,,,,,,,,,,,,,,,,
500131,沈阳庠序书刊有限公司,0,0,0,0,0,0,0,0,0,0,0,0,0,0,0,0,0,0,0,0,0,0,0,0,0,0,0,0,0,,,,,,,,,,,,,,,,,,,,,,,,,,,,,
500118,山东必赢教育科技有限公司,0,0,0,0,0,0,0,0,0,0,0,0,0,0,0,0,0,0,0,0,0,0,0,0,0,0,0,0,0,,,,,,,,,,,,,,,,,,,,,,,,,,,,,
500631,杭州市滨江区祁绩培训学校,0,0,0,0,0,0,0,0,0,0,0,0,0,0,0,0,0,0,0,0,0,0,0,0,0,0,0,0,0,,,,,,,,,,,,,,,,,,,,,,,,,,,,,
500181,河南松茂文化传播有限公司,0,0,0,0,0,0,0,0,0,0,0,0,0,0,0,0,0,0,0,0,0,0,0,0,0,0,0,0,0,,,,,,,,,,,,,,,,,,,,,,,,,,,,,
500550,《语文报》社有限责任公司,0,0,0,0,0,0,0,0,0,0,0,0,0,0,0,0,0,0,0,0,0,0,0,0,0,0,0,0,0,,,,,,,,,,,,,,,,,,,,,,,,,,,,,
500408,河北华冠图书有限公司,88,88,0,0,461,886,872,865,2066,3982,3063,1265,599,1516,4262,2885,1052,1092,1419,1873,1850,4868,3145,1144,1023,375,660,314,4,,,,,,,,,,,,,,,,,,,,,,,,,,,,,
500410,湖北时代卓锦文化传媒有限公司,63,20,20,17,11,0,649,613,249,52,405,274,645,854,3047,1083,872,313,0,0,2173,1667,743,1663,0,1669,617,2121,963,,,,,,,,,,,,,,,,,,,,,,,,,,,,,
500269,梁山辉煌图书有限公司,0,0,0,0,0,0,0,0,0,0,0,0,0,0,0,0,0,0,87,6,50,107,75,51,144,9,61,108,76,,,,,,,,,,,,,,,,,,,,,,,,,,,,,
500283,哈尔滨勤为径图书经销有限公司,2326,3643,3479,2396,2544,2029,581,1385,4008,3977,4179,9293,1056,3128,3474,2608,6493,908,617,1170,1795,1631,1996,2048,1099,912,1979,2195,1264,,,,,,,,,,,,,,,,,,,,,,,,,,,,,
500377,山东泰斗文化传播有限公司,741,184,80,3,697,1688,0,305,378,709,2045,3525,23,727,1165,723,321,879,371,0,64,338,241,858,90,0,0,857,101,,,,,,,,,,,,,,,,,,,,,,,,,,,,,
500188,山东绿卡教育科技有限公司,20,0,0,0,0,0,0,0,0,0,0,0,1538,2337,2199,2091,1926,480,0,3588,4539,3469,2038,3136,4155,2170,2381,2699,2529,,,,,,,,,,,,,,,,,,,,,,,,,,,,,
500284,北京宏达一甲教育科技有限公司,0,180,130,166,267,225,98,171,162,161,138,0,0,76,694,163,59,46,0,0,0,0,0,0,0,0,0,0,0,,,,,,,,,,,,,,,,,,,,,,,,,,,,,
500176,中山市思而优文化发展有限公司,513,1003,1171,925,566,241,0,388,985,890,782,787,498,261,1343,1079,463,79,0,368,683,591,690,421,773,314,614,600,383,,,,,,,,,,,,,,,,,,,,,,,,,,,,,
800000,文心出版社有限公司,73,0,153,129,52,141,539,0,136,115,105,122,15,33,536,620,340,276,71,400,267,479,46,78,62,0,309,99,21,,,,,,,,,,,,,,,,,,,,,,,,,,,,,
500298,湖南天一文化发展有限公司,10,37,39,29,80,10,20,0,0,41,0,2,0,11,0,78,46,0,0,127,26,1,10,38,0,0,0,0,129,,,,,,,,,,,,,,,,,,,,,,,,,,,,,
500438,北京以凡文化传媒有限公司,0,0,0,0,0,144,0,0,0,65,0,179,0,0,110,0,195,0,0,0,0,0,205,0,0,0,0,56,0,,,,,,,,,,,,,,,,,,,,,,,,,,,,,
500271,河北红对勾文化传播有限公司,0,0,0,671,0,0,0,0,720,387,400,326,0,0,0,0,0,0,0,0,0,0,83,3501,267,216,262,137,1004,,,,,,,,,,,,,,,,,,,,,,,,,,,,,
500280,洛阳大爱图书有限公司,0,24,0,38,0,0,0,0,0,178,0,95,31,85,86,20,0,0,0,0,96,0,31,46,57,52,207,32,0,,,,,,,,,,,,,,,,,,,,,,,,,,,,,
500266,南京新汇泽文化传播有限公司,0,30,0,0,0,0,0,1,0,0,0,0,0,0,0,0,0,0,0,0,0,0,0,0,0,0,0,0,0,,,,,,,,,,,,,,,,,,,,,,,,,,,,,
500083,北京众创汇嘉文化传播有限公司,0,0,0,0,0,0,0,0,0,0,0,228,15,29,33,1,0,0,0,5,1,0,0,0,0,0,0,0,0,,,,,,,,,,,,,,,,,,,,,,,,,,,,,
500592,河南木子文化传播有限公司,449,46,77,54,21,0,0,0,0,48,19,21,0,0,52,27,17,44,0,0,0,0,0,0,18,47,91,82,116,,,,,,,,,,,,,,,,,,,,,,,,,,,,,
500361,四川昕昀文化传播有限公司,0,0,0,0,0,0,0,0,0,0,0,0,0,0,0,0,0,0,0,0,0,0,0,0,0,0,0,0,0,,,,,,,,,,,,,,,,,,,,,,,,,,,,,
500358,武汉博大三六五文化传媒有限公司,0,0,258,0,0,0,255,0,0,8,0,34,0,3,15,0,1,0,0,0,0,0,0,0,0,0,0,0,0,,,,,,,,,,,,,,,,,,,,,,,,,,,,,
500397,潍坊博雅图文制作有限公司,0,0,0,20,60,0,0,470,0,0,0,0,0,0,0,0,143,0,0,0,0,0,0,0,0,0,0,0,0,,,,,,,,,,,,,,,,,,,,,,,,,,,,,
500374,河南思而行文化教育科技有限公司,0,0,18,0,5,37,0,0,9,0,9,9,9,0,9,0,50,9,0,0,0,0,9,9,0,0,18,0,0,,,,,,,,,,,,,,,,,,,,,,,,,,,,,
500270,哈尔滨市朝之夕图书经销有限公司,0,0,0,0,0,0,0,0,0,0,0,0,0,0,90,172,72,0,0,0,0,0,0,0,0,0,0,0,0,,,,,,,,,,,,,,,,,,,,,,,,,,,,,
500351,武汉奥赛王文化有限公司,0,0,0,0,0,0,0,0,0,0,0,0,0,0,0,0,0,0,0,0,0,0,0,191,0,0,0,0,0,,,,,,,,,,,,,,,,,,,,,,,,,,,,,
500218,广西励民教育发展有限公司,0,0,0,46,18,56,0,0,0,0,0,0,0,0,0,18,0,9,0,0,0,0,0,0,0,0,0,0,0,,,,,,,,,,,,,,,,,,,,,,,,,,,,,
500211,南京冠途文化传播有限公司,27,30,102,20,18,25,10,0,0,0,0,0,0,0,0,0,0,0,0,0,0,0,0,0,0,0,0,0,0,,,,,,,,,,,,,,,,,,,,,,,,,,,,,
500100,山西瑾鹏教育科技发展有限公司,0,0,24,18,10,19,0,0,0,18,0,0,0,0,9,9,0,0,0,1,0,0,22,0,10,0,0,39,0,,,,,,,,,,,,,,,,,,,,,,,,,,,,,
500391,四川华夏万卷文化传媒股份有限公司,0,0,0,0,0,0,0,0,0,0,0,0,0,0,0,0,0,0,0,0,0,0,0,0,0,0,0,0,0,,,,,,,,,,,,,,,,,,,,,,,,,,,,,
800015,山东科学技术出版社有限公司,0,0,0,0,0,0,27,8,0,0,0,0,0,0,0,0,0,0,0,0,0,0,0,0,0,0,0,0,0,,,,,,,,,,,,,,,,,,,,,,,,,,,,,
500395,河南洪文教育文化传播有限公司,70,63,64,0,0,0,0,0,0,0,0,0,0,0,0,0,0,0,0,0,0,0,0,0,0,0,0,0,0,,,,,,,,,,,,,,,,,,,,,,,,,,,,,
500292,河南晨勤文化传媒有限公司,0,0,0,0,0,0,0,0,0,0,0,0,0,0,0,0,0,0,0,0,0,0,0,0,0,0,0,0,0,,,,,,,,,,,,,,,,,,,,,,,,,,,,,
500388,高途教育科技集团有限公司,0,0,0,0,0,0,0,0,0,0,0,0,0,0,0,0,0,0,0,0,0,0,0,0,0,0,0,0,0,,,,,,,,,,,,,,,,,,,,,,,,,,,,,
500084,天津择数文化传媒有限公司,0,0,0,0,0,0,0,0,0,0,0,0,0,0,0,0,0,0,0,0,0,0,0,0,0,0,0,0,0,,,,,,,,,,,,,,,,,,,,,,,,,,,,,
800006,江西教育出版社有限责任公司,0,0,0,0,0,0,0,0,0,0,0,0,0,0,0,0,0,0,0,0,0,0,0,0,0,0,0,0,0,,,,,,,,,,,,,,,,,,,,,,,,,,,,,
500353,陕西权度教育研究院有限公司,0,0,0,0,0,0,0,0,0,0,0,0,0,0,0,0,0,0,0,0,0,0,0,0,0,0,0,0,0,,,,,,,,,,,,,,,,,,,,,,,,,,,,,
500585,华翰文化图书（广州）有限公司,0,0,0,0,0,0,0,0,0,0,0,0,0,0,0,0,0,0,0,0,0,0,0,0,0,0,0,0,0,,,,,,,,,,,,,,,,,,,,,,,,,,,,,
500637,河南学思文化传播有限公司,0,0,0,0,0,0,0,0,0,0,0,0,0,0,0,0,0,0,0,0,0,69,4,514,0,0,0,0,0,,,,,,,,,,,,,,,,,,,,,,,,,,,,,
500295,滨州稼和明文化传媒有限公司,0,0,0,0,0,0,0,0,0,0,0,0,0,0,0,0,0,0,0,0,0,0,0,0,0,0,0,0,0,,,,,,,,,,,,,,,,,,,,,,,,,,,,,
500591,南京诺文文化传媒有限公司,0,0,0,0,0,0,0,0,0,0,0,0,0,0,0,0,0,0,0,0,0,0,0,0,0,0,0,0,0,,,,,,,,,,,,,,,,,,,,,,,,,,,,,
500382,北京安丰文化有限公司,0,0,0,0,0,0,0,0,0,0,0,0,0,0,0,0,0,0,0,0,0,0,0,0,0,0,0,0,0,,,,,,,,,,,,,,,,,,,,,,,,,,,,,
500290,西安华梦文创科技有限公司,0,0,0,0,0,0,0,0,0,0,0,0,0,0,0,0,0,0,0,0,0,0,0,0,0,0,0,0,0,,,,,,,,,,,,,,,,,,,,,,,,,,,,,
500587,陕西中教创联文化发展有限公司,0,0,0,0,0,0,0,0,0,0,0,0,0,0,0,0,0,0,0,0,0,0,0,0,0,0,0,0,0,,,,,,,,,,,,,,,,,,,,,,,,,,,,,
500366,北京鑫奥播教育科技有限公司,0,0,0,0,0,0,0,0,0,0,0,0,0,0,0,0,0,0,0,0,0,0,0,0,0,0,0,0,0,,,,,,,,,,,,,,,,,,,,,,,,,,,,,
800014,天津科学技术出版社有限公司,0,0,0,0,0,0,0,0,0,0,0,0,0,0,0,0,0,0,0,0,0,0,0,0,0,0,0,0,0,,,,,,,,,,,,,,,,,,,,,,,,,,,,,
500367,广东华考学业测评科技有限公司,0,0,0,0,0,0,0,0,0,0,0,0,0,0,0,0,0,0,0,0,0,0,0,0,0,0,0,0,0,,,,,,,,,,,,,,,,,,,,,,,,,,,,,
500373,广东轻易考科技有限公司,0,0,0,0,0,0,0,0,0,0,0,0,0,0,0,0,0,0,0,0,0,0,0,0,0,0,0,0,0,,,,,,,,,,,,,,,,,,,,,,,,,,,,,
500413,辽宁九章状元文化科技有限公司,0,0,0,0,0,0,0,0,0,0,0,0,0,0,0,0,0,0,0,0,0,0,0,0,0,0,0,0,0,,,,,,,,,,,,,,,,,,,,,,,,,,,,,
500212,保定桃李源文化传播有限公司,0,0,0,0,0,0,0,0,0,0,0,0,0,8,0,0,0,0,0,0,3,0,0,0,0,0,0,0,0,,,,,,,,,,,,,,,,,,,,,,,,,,,,,
500394,五好信息科技（济南）有限公司,0,0,0,0,0,0,0,0,0,0,0,0,0,0,0,0,0,0,0,0,0,0,0,0,0,0,0,0,0,,,,,,,,,,,,,,,,,,,,,,,,,,,,,
500589,广州润德文化传播有限公司,0,0,0,0,0,0,0,0,0,0,0,0,0,0,0,0,0,0,0,0,0,0,0,0,0,0,0,0,0,,,,,,,,,,,,,,,,,,,,,,,,,,,,,
500418,山东云墨文化有限公司,0,0,0,0,0,0,0,0,0,0,0,0,0,0,0,0,0,0,0,0,0,0,0,0,0,0,0,0,0,,,,,,,,,,,,,,,,,,,,,,,,,,,,,
500588,山东传美图书文化有限公司,0,0,0,0,0,0,0,0,0,0,0,0,0,0,0,0,0,0,0,0,0,0,0,0,0,0,0,0,0,,,,,,,,,,,,,,,,,,,,,,,,,,,,,
500635,杭州华恩教育科技有限公司,0,0,0,0,0,0,0,0,0,0,0,0,0,0,0,0,0,0,0,0,0,0,0,0,0,0,0,0,0,,,,,,,,,,,,,,,,,,,,,,,,,,,,,
500634,淮安亮程文化传媒有限公司,0,0,0,0,0,0,0,0,0,0,0,0,0,0,0,0,0,0,0,0,0,0,0,0,0,0,0,0,0,,,,,,,,,,,,,,,,,,,,,,,,,,,,,
500357,梁山县鸿福雁书苑有限责任公司,0,0,0,0,0,0,0,0,0,0,0,0,0,0,0,0,0,0,0,0,0,0,0,0,0,0,0,0,0,,,,,,,,,,,,,,,,,,,,,,,,,,,,,
500350,潍坊学海文化传媒有限公司,1,0,0,0,0,0,0,0,0,0,0,0,0,0,0,0,0,0,0,0,0,0,0,0,0,0,0,0,0,,,,,,,,,,,,,,,,,,,,,,,,,,,,,
500106,河南捷睿必达教育科技有限公司,0,0,0,0,0,0,0,0,2,0,0,0,0,0,0,0,0,0,0,0,0,0,0,0,0,0,0,0,0,,,,,,,,,,,,,,,,,,,,,,,,,,,,,
800016,广州出版社有限公司,0,0,0,0,0,0,0,0,0,0,0,0,0,0,0,0,0,0,0,0,0,0,0,0,0,0,0,0,0,,,,,,,,,,,,,,,,,,,,,,,,,,,,,
500375,阳谷县一诺书业有限公司,0,0,0,0,0,0,0,0,0,0,0,0,0,0,0,0,0,0,0,0,0,0,0,0,0,0,0,0,0,,,,,,,,,,,,,,,,,,,,,,,,,,,,,
500273,金华春国教育科技有限公司,0,0,0,0,0,0,0,0,0,0,0,0,0,0,0,0,0,0,0,0,0,0,0,0,0,0,0,0,0,,,,,,,,,,,,,,,,,,,,,,,,,,,,,
500402,北京华企之星科技发展中心,0,0,0,0,0,0,0,0,0,0,0,0,0,0,0,0,0,0,0,0,0,0,0,0,0,0,0,0,0,,,,,,,,,,,,,,,,,,,,,,,,,,,,,
500421,陕西龙飞虎腾文化有限公司,0,0,0,0,0,0,0,0,0,0,0,0,0,0,0,0,0,0,0,0,0,0,0,0,0,0,0,0,0,,,,,,,,,,,,,,,,,,,,,,,,,,,,,
900003,隆尧县新华路龙之阁书城,0,0,0,0,0,0,0,0,0,0,0,0,0,0,0,0,0,0,0,0,0,0,0,0,0,0,0,0,0,,,,,,,,,,,,,,,,,,,,,,,,,,,,,
500387,陕西志立文化发展有限公司,0,0,0,0,0,0,0,0,0,0,0,0,0,0,0,0,0,0,0,0,0,0,0,0,0,0,0,0,0,,,,,,,,,,,,,,,,,,,,,,,,,,,,,
500380,西安广龙文化传播有限责任公司,0,0,0,0,0,0,0,0,0,0,0,0,0,0,0,0,0,0,0,0,0,0,0,0,0,0,0,0,0,,,,,,,,,,,,,,,,,,,,,,,,,,,,,
500355,邯郸市集域文化传播有限公司,0,0,0,0,0,0,0,0,0,0,0,0,0,0,0,0,0,0,0,0,0,0,0,0,0,0,0,0,0,,,,,,,,,,,,,,,,,,,,,,,,,,,,,
500278,菏泽云睦图书有限公司,0,0,0,0,0,0,0,0,0,0,0,0,0,0,0,0,0,0,0,0,0,0,0,0,0,0,0,0,0,,,,,,,,,,,,,,,,,,,,,,,,,,,,,
500403,立学立德河北教育科技有限公司,0,0,0,0,0,0,0,0,0,0,0,0,0,0,0,0,0,0,0,0,0,0,0,0,0,0,0,0,0,,,,,,,,,,,,,,,,,,,,,,,,,,,,,
500647,北京沧浪文化发展有限公司,0,0,0,0,0,0,0,0,0,0,0,0,0,0,0,0,0,0,0,0,0,0,0,0,0,0,0,0,0,,,,,,,,,,,,,,,,,,,,,,,,,,,,,
500643,新乡市书阶文化传媒有限公司,0,0,0,0,0,0,0,0,0,0,0,0,0,0,0,0,0,0,0,0,0,0,0,0,0,0,0,0,0,,,,,,,,,,,,,,,,,,,,,,,,,,,,,
500661,江苏壹学知道文化传媒有限公司,5,3,2,3,3,0,0,0,0,0,3117,799,392,588,675,1182,597,369,215,0,189,1377,1155,769,52,102,1137,693,320,,,,,,,,,,,,,,,,,,,,,,,,,,,,,
500309,武汉睿芯教育科技有限公司,1265,0,0,0,0,1060,0,0,0,0,0,0,0,234,773,298,229,1266,0,0,0,0,0,0,0,0,0,0,0,,,,,,,,,,,,,,,,,,,,,,,,,,,,,
500323,浙江良品图书有限公司,184,218,339,299,238,3346,1754,30,43,48,0,0,0,0,40,100,114,18,538,831,865,1115,1225,1096,190,126,118,169,72,,,,,,,,,,,,,,,,,,,,,,,,,,,,,
500356,北京龙腾八方文化有限责任公司,0,957,1230,522,9,159,0,108,872,836,71,30,252,376,522,207,192,0,212,0,1370,1,0,0,163,0,765,0,0,,,,,,,,,,,,,,,,,,,,,,,,,,,,,
500163,大连众里文化发展有限公司,10,190,1792,1118,1643,163,0,0,0,0,0,0,0,0,0,660,381,115,0,0,0,0,0,0,0,0,0,0,0,,,,,,,,,,,,,,,,,,,,,,,,,,,,,
800020,武汉华大鸿图文化发展有限责任公司,32,10,11,10,17,13,0,0,0,729,537,133,12,115,69,58,351,26,21,30,39,31,511,136,25,78,126,99,83,,,,,,,,,,,,,,,,,,,,,,,,,,,,,
500175,山东国中教育科技有限公司,0,0,0,0,0,0,1404,316,343,321,255,38,54,228,223,203,241,118,238,326,40,14,25,26,0,0,0,0,0,,,,,,,,,,,,,,,,,,,,,,,,,,,,,
500645,山东世纪育才文化传媒有限公司,0,0,0,0,0,0,1100,194,196,840,523,381,0,0,0,0,0,0,0,0,0,0,0,0,0,0,0,0,0,,,,,,,,,,,,,,,,,,,,,,,,,,,,,
500644,广东文晖文化传播有限公司,175,0,0,452,44,0,0,0,0,43,22,22,0,0,57,13,116,0,0,120,0,44,17,0,0,0,0,13,187,,,,,,,,,,,,,,,,,,,,,,,,,,,,,
500630,陕西昊天图书发行有限公司,0,262,304,325,242,231,0,28,38,61,51,63,0,47,42,117,41,57,0,0,70,41,105,111,0,0,207,107,122,,,,,,,,,,,,,,,,,,,,,,,,,,,,,
500362,成都林鸿创客图书有限公司,0,0,0,0,0,993,0,0,0,0,0,0,0,0,0,0,0,0,0,0,0,0,0,0,0,0,0,0,0,,,,,,,,,,,,,,,,,,,,,,,,,,,,,
800022,华语教学出版社有限责任公司,0,0,0,0,0,0,0,0,0,0,0,0,0,0,0,0,0,0,0,0,0,0,0,0,0,0,0,0,0,,,,,,,,,,,,,,,,,,,,,,,,,,,,,
500369,湖南汇星源文化传播有限公司,0,0,0,0,0,0,0,0,0,0,0,0,0,0,0,0,0,0,0,0,0,0,0,0,0,0,0,0,0,,,,,,,,,,,,,,,,,,,,,,,,,,,,,
500261,山东正禾大教育科技有限公司,630,2576,2331,2334,994,17,416,1380,2765,2086,5511,2534,112,2975,3747,2289,1349,66,132,222,75,1945,10595,7290,55,2805,2342,3688,817,,,,,,,,,,,,,,,,,,,,,,,,,,,,,
500179,洛阳朝霞文化股份有限公司,1036,5,1009,1221,3260,3446,0,0,450,974,682,3839,1333,38,1359,730,1201,3682,393,44,573,518,430,770,3420,0,342,1487,2571,,,,,,,,,,,,,,,,,,,,,,,,,,,,,
500312,江苏通典文化传媒集团有限公司,122,854,0,2892,830,414,524,0,0,0,4594,820,17,0,2370,1471,1495,0,2233,0,1655,1340,959,1043,0,0,0,2856,1124,,,,,,,,,,,,,,,,,,,,,,,,,,,,,
500232,洛阳品学文化传播有限公司,0,39,1528,1366,2112,1197,0,0,1590,1434,1404,6646,0,391,664,662,1331,3762,0,162,1112,1050,1215,3010,22,199,466,2386,1753,,,,,,,,,,,,,,,,,,,,,,,,,,,,,
500299,山东众旺汇金教育科技有限公司,657,843,1043,914,503,267,0,0,126,940,779,1525,489,904,177,152,89,6,0,867,937,736,2067,976,228,677,512,258,65,,,,,,,,,,,,,,,,,,,,,,,,,,,,,
500318,湖北盈未来教育科技有限公司,503,1160,2401,2068,1607,461,621,753,2324,2407,2113,3223,208,0,5259,2424,2021,111,0,0,5959,4048,3168,1977,0,0,988,7476,4260,,,,,,,,,,,,,,,,,,,,,,,,,,,,,
500189,陕西炼书客图书策划有限公司,1700,1464,1848,843,0,0,0,0,0,0,0,0,310,970,4780,2699,2353,128,89,74,116,721,360,320,4880,3522,2872,957,189,,,,,,,,,,,,,,,,,,,,,,,,,,,,,
500629,山东荣景教育科技股份有限公司,42,0,1785,1872,3902,1555,20,544,662,1773,969,680,7,7,7,4892,1661,210,383,389,1126,2964,4152,3115,343,293,304,13,1,,,,,,,,,,,,,,,,,,,,,,,,,,,,,
500660,洛阳可馨文化传播有限公司,0,0,0,0,732,1025,0,0,0,0,248,1785,0,0,228,177,2178,2017,384,0,478,675,1325,2196,0,0,1641,464,56,,,,,,,,,,,,,,,,,,,,,,,,,,,,,
500352,成都合力敬成实业有限公司,0,0,0,0,0,0,0,0,0,0,0,0,0,0,0,0,0,0,0,0,0,0,0,0,0,0,0,0,0,,,,,,,,,,,,,,,,,,,,,,,,,,,,,
500210,河北斗米文化传媒有限公司,0,0,0,0,0,15,65,10,46,13,27,25,81,13,38,83,31,6,189,0,40,41,6,36,60,34,44,120,59,,,,,,,,,,,,,,,,,,,,,,,,,,,,,
800025,长江少年儿童出版社(集团)有限公司,0,0,0,0,0,0,0,0,0,0,0,0,0,0,0,0,0,0,0,0,0,0,0,0,0,0,0,0,0,,,,,,,,,,,,,,,,,,,,,,,,,,,,,
500656,洛阳芸熙文化传媒有限公司,280,0,0,0,0,666,0,0,0,0,4,2235,11,0,0,0,0,2847,0,0,0,0,0,1312,167,24,20,0,2061,,,,,,,,,,,,,,,,,,,,,,,,,,,,,
500330,河南鹤翔图书有限公司,60,0,0,0,31,632,460,0,0,313,161,712,1150,8,12,15,351,153,48,0,109,87,88,1810,0,0,0,345,302,,,,,,,,,,,,,,,,,,,,,,,,,,,,,
500633,广州教与学文化发展有限公司,391,267,2051,1856,1474,66,165,0,787,776,760,762,0,735,1747,1071,453,27,66,196,732,446,3049,1059,6,1324,954,144,323,,,,,,,,,,,,,,,,,,,,,,,,,,,,,
500478,湖北猎豹教育科技有限公司,0,0,3380,2194,961,0,0,0,580,1420,1317,1302,0,0,0,3877,1053,629,0,0,0,0,0,0,0,0,0,0,0,,,,,,,,,,,,,,,,,,,,,,,,,,,,,
500617,理想众望教育科技（北京）有限公司,0,0,0,0,2799,127,33,615,632,687,457,419,28,19,0,0,0,0,0,509,674,651,430,77,0,0,0,0,0,,,,,,,,,,,,,,,,,,,,,,,,,,,,,
500602,洛阳云鹏文化传媒有限公司,248,0,0,607,790,374,0,8,10,8,8,10,24,225,87,101,468,780,0,0,0,0,0,0,0,0,0,0,0,,,,,,,,,,,,,,,,,,,,,,,,,,,,,
500336,山东海之星图书有限公司,108,70,82,50,0,0,0,0,0,0,0,0,0,0,0,0,0,0,0,0,0,0,0,0,0,0,0,0,0,,,,,,,,,,,,,,,,,,,,,,,,,,,,,
500224,北京众和永泰文化传播有限公司,48,0,55,0,0,0,0,127,125,135,177,852,0,117,135,143,157,304,0,91,61,96,64,122,144,20,139,145,113,,,,,,,,,,,,,,,,,,,,,,,,,,,,,
500609,呼和浩特市经纬方舟文化传播有限公司,0,46,0,40,39,18,39,10,6,6,6,0,2,0,46,82,59,8,40,0,0,0,0,0,0,66,37,54,0,,,,,,,,,,,,,,,,,,,,,,,,,,,,,
500314,长沙零起点文化传播有限公司,0,0,0,771,0,0,0,0,0,0,0,0,0,0,0,822,0,0,0,0,0,0,0,0,0,0,559,737,0,,,,,,,,,,,,,,,,,,,,,,,,,,,,,
500229,幼狮文化创意（山东）有限公司,24,0,184,0,0,0,0,0,0,111,141,112,0,0,0,0,0,0,0,0,0,0,0,0,0,626,0,0,0,,,,,,,,,,,,,,,,,,,,,,,,,,,,,
500209,北京成大文教科技有限公司,0,0,0,0,0,0,0,0,955,0,0,6,0,0,0,0,0,0,0,0,0,0,0,0,0,0,0,0,0,,,,,,,,,,,,,,,,,,,,,,,,,,,,,
500164,太原四季文化图书有限公司,0,0,0,0,0,0,0,0,0,0,0,0,0,0,0,0,0,0,0,0,0,479,0,0,13,34,6,16,23,,,,,,,,,,,,,,,,,,,,,,,,,,,,,
500622,库课文化科技股份有限公司,1,0,0,0,0,24,0,0,0,0,217,0,0,17,8,6,2,0,0,0,0,0,45,0,0,0,0,0,0,,,,,,,,,,,,,,,,,,,,,,,,,,,,,
650349,中学生数理化高中版编辑部,52,52,57,0,107,56,81,0,60,59,56,54,58,0,50,51,106,53,80,0,59,59,54,59,0,58,0,110,110,,,,,,,,,,,,,,,,,,,,,,,,,,,,,
500590,深圳启睿文化传播有限公司,0,0,0,0,0,0,0,0,0,0,0,0,0,0,0,0,0,0,0,0,0,0,0,0,0,0,0,0,0,,,,,,,,,,,,,,,,,,,,,,,,,,,,,
500333,山西臻蜀渊图书有限公司,0,0,0,0,0,0,0,0,0,0,0,0,0,27,0,101,0,0,0,0,0,0,220,0,0,0,0,0,0,,,,,,,,,,,,,,,,,,,,,,,,,,,,,
500596,山西智想文化发展有限公司,21,0,0,0,0,20,0,0,0,0,0,0,14,0,0,21,0,24,0,0,0,0,23,76,547,322,514,596,302,,,,,,,,,,,,,,,,,,,,,,,,,,,,,
500202,河南领扬文化传播有限公司,0,0,0,0,81,83,0,0,0,0,0,0,0,0,0,0,0,0,0,0,0,0,0,0,0,0,0,33,87,,,,,,,,,,,,,,,,,,,,,,,,,,,,,
500620,北京青桐鸣文化发展有限公司,0,0,0,0,0,0,0,0,0,0,0,0,0,0,0,0,0,0,0,0,0,0,71,0,60,0,0,0,0,,,,,,,,,,,,,,,,,,,,,,,,,,,,,
500258,陕西翰文图书精典发行有限公司,0,0,0,24,0,0,0,0,0,0,0,0,0,0,0,0,0,0,0,0,0,0,0,0,0,0,0,0,0,,,,,,,,,,,,,,,,,,,,,,,,,,,,,
800018,苏州大学出版社有限公司,0,0,0,0,0,0,0,0,0,0,0,0,0,0,0,0,0,0,0,0,0,0,0,0,0,0,0,0,0,,,,,,,,,,,,,,,,,,,,,,,,,,,,,
500597,广州书友图书有限公司,0,0,0,0,0,0,892,0,0,0,0,0,0,0,0,0,0,0,0,0,0,0,0,0,0,0,0,0,0,,,,,,,,,,,,,,,,,,,,,,,,,,,,,
500618,河南智熊文化科技有限公司,207,207,201,199,0,0,0,135,0,0,0,0,0,0,0,0,0,0,0,0,0,0,0,0,0,0,0,0,0,,,,,,,,,,,,,,,,,,,,,,,,,,,,,
500344,山东得佑图书发行有限公司,0,0,0,0,0,0,0,0,0,0,0,0,0,0,0,0,0,0,0,0,0,0,0,0,0,0,0,0,0,,,,,,,,,,,,,,,,,,,,,,,,,,,,,
500223,山东诸子百家文化传媒有限公司,0,0,0,0,0,0,0,0,0,0,0,0,0,0,0,0,0,0,0,0,0,0,0,0,0,0,0,0,0,,,,,,,,,,,,,,,,,,,,,,,,,,,,,
500328,北京云画星空文化传媒有限公司,0,0,0,0,0,0,0,0,0,0,0,0,0,0,0,0,0,0,0,0,0,0,0,0,0,0,0,0,0,,,,,,,,,,,,,,,,,,,,,,,,,,,,,
500324,湖北先锋文化传媒有限公司,0,0,0,0,0,0,0,0,0,0,0,0,0,0,0,0,0,0,0,0,0,0,0,0,0,0,0,0,0,,,,,,,,,,,,,,,,,,,,,,,,,,,,,
500639,山东聊城润学书业有限公司,0,0,0,0,0,0,0,0,0,0,0,0,0,0,0,0,0,0,0,0,0,0,0,0,0,0,0,0,0,,,,,,,,,,,,,,,,,,,,,,,,,,,,,
500626,四川悟行高远教育科技有限公司,6,8,7,0,9,0,0,0,0,0,0,0,0,0,0,0,0,0,0,0,0,0,0,0,0,0,0,0,0,,,,,,,,,,,,,,,,,,,,,,,,,,,,,
500614,武汉荷尖尖图书有限公司,0,0,0,0,0,0,0,0,0,0,0,0,0,0,0,0,0,0,0,0,0,0,0,0,0,0,0,0,0,,,,,,,,,,,,,,,,,,,,,,,,,,,,,
500307,内蒙古京北贸易有限公司,0,0,0,0,0,0,0,0,0,0,0,0,0,0,0,0,0,0,0,0,0,0,0,0,0,0,0,0,0,,,,,,,,,,,,,,,,,,,,,,,,,,,,,
500605,陕西书悦文化传播有限公司,0,0,0,0,0,0,0,0,0,0,0,0,0,0,0,0,0,0,0,0,0,0,0,0,0,0,0,0,0,,,,,,,,,,,,,,,,,,,,,,,,,,,,,
500255,山东新坐标书业有限公司,0,0,0,0,0,0,0,0,0,0,0,0,0,0,0,0,0,0,0,0,0,0,0,0,0,0,0,0,0,,,,,,,,,,,,,,,,,,,,,,,,,,,,,
500632,湖北华育文化发展有限公司,0,0,0,0,0,0,0,0,0,0,0,0,0,0,0,0,0,0,0,0,0,0,0,0,0,0,0,0,0,,,,,,,,,,,,,,,,,,,,,,,,,,,,,
500654,北京时代新文达教育科技有限公司,0,0,0,0,0,0,0,0,0,0,0,0,0,0,0,0,0,0,0,0,0,0,0,0,0,0,0,0,0,,,,,,,,,,,,,,,,,,,,,,,,,,,,,
500231,新乡市科艺图书有限公司,0,0,0,0,0,0,0,0,0,0,0,0,0,0,0,0,0,0,0,0,0,0,0,0,0,0,0,0,0,,,,,,,,,,,,,,,,,,,,,,,,,,,,,
500316,武汉众帮文化传播有限公司,0,0,0,0,0,0,0,0,0,0,0,0,0,0,0,0,0,0,0,0,0,0,0,0,0,0,0,0,0,,,,,,,,,,,,,,,,,,,,,,,,,,,,,
500595,陕西励志图书文化传播有限公司,0,0,0,0,0,0,0,0,0,0,0,0,0,0,0,0,0,0,0,0,0,0,0,0,0,0,0,0,0,,,,,,,,,,,,,,,,,,,,,,,,,,,,,
500636,河南省鑫文轩文化发展有限公司,0,0,0,0,0,0,0,0,0,0,0,0,0,0,0,0,0,0,0,0,0,0,0,0,0,0,0,0,0,,,,,,,,,,,,,,,,,,,,,,,,,,,,,
500335,河南长风教育科技有限公司,0,0,0,0,0,0,0,0,0,0,0,0,0,0,0,0,0,0,0,0,0,0,0,0,0,0,0,0,0,,,,,,,,,,,,,,,,,,,,,,,,,,,,,
500359,合肥九州睿达文化发展有限公司,0,0,0,0,0,0,0,0,0,0,0,0,0,0,0,0,0,0,0,0,0,0,0,0,0,0,0,0,0,,,,,,,,,,,,,,,,,,,,,,,,,,,,,
800021,漓江出版社有限公司,0,0,12,0,0,0,0,0,0,0,0,0,0,0,0,0,0,0,0,32,0,0,0,0,0,0,0,0,18,,,,,,,,,,,,,,,,,,,,,,,,,,,,,
500615,陕西书雅图书文化传媒有限公司,0,0,0,0,0,0,0,0,0,0,0,0,0,0,0,0,0,0,0,0,0,0,0,0,0,0,0,0,0,,,,,,,,,,,,,,,,,,,,,,,,,,,,,
500222,淄博衡石文化传播有限公司,0,0,0,0,0,0,0,0,0,0,0,0,0,0,0,0,0,0,0,0,0,0,0,0,0,0,0,0,0,,,,,,,,,,,,,,,,,,,,,,,,,,,,,
500611,湖北阅泽优文化传媒有限公司,0,0,0,0,0,0,0,0,0,0,0,0,0,0,0,0,0,0,0,0,0,0,0,0,0,0,0,0,0,,,,,,,,,,,,,,,,,,,,,,,,,,,,,
500642,许昌若比邻文化传播有限公司,0,0,0,0,0,0,0,0,0,0,0,0,0,0,0,0,0,0,0,0,0,0,0,0,0,0,0,0,0,,,,,,,,,,,,,,,,,,,,,,,,,,,,,
500282,河南省新优学教育科技有限公司,0,0,0,0,0,0,0,0,0,0,0,0,0,0,0,0,0,0,0,0,0,0,0,0,0,0,0,0,0,,,,,,,,,,,,,,,,,,,,,,,,,,,,,
500322,山东科速文化传播有限公司,0,0,0,0,0,0,0,0,0,0,0,0,0,0,0,0,0,0,0,0,0,0,0,0,0,0,0,118,33,,,,,,,,,,,,,,,,,,,,,,,,,,,,,
500346,梁山蓝舟文化传媒有限公司,0,0,0,0,0,0,0,0,0,0,0,0,0,0,0,0,0,0,0,0,0,0,0,0,0,0,0,0,0,,,,,,,,,,,,,,,,,,,,,,,,,,,,,
500619,武汉锦绣三江传媒有限公司,0,0,0,0,0,0,0,0,0,0,0,0,0,0,0,0,0,0,0,0,0,0,0,0,0,0,0,0,0,,,,,,,,,,,,,,,,,,,,,,,,,,,,,
500659,悦读名品文化传媒（北京）有限公司,0,0,0,0,0,0,0,0,0,0,0,0,0,0,0,0,0,0,0,0,0,0,0,0,0,0,0,0,0,,,,,,,,,,,,,,,,,,,,,,,,,,,,,
500354,安徽中科云楚教育科技有限公司,0,0,0,0,0,0,0,0,0,0,0,0,0,0,0,0,0,0,0,0,0,0,0,0,0,0,0,0,0,,,,,,,,,,,,,,,,,,,,,,,,,,,,,
500265,河北众合创亿文化传媒有限公司,0,0,0,0,0,0,0,0,0,0,0,0,0,0,0,0,0,0,0,0,0,0,0,0,0,0,0,0,0,,,,,,,,,,,,,,,,,,,,,,,,,,,,,
500230,时代天宇国际文化传媒（北京）有限公司,0,0,0,0,0,0,0,0,0,0,0,0,0,0,0,0,0,0,0,0,0,0,0,0,0,0,0,0,0,,,,,,,,,,,,,,,,,,,,,,,,,,,,,
500593,北京昌昱春博大文化有限公司,0,0,0,0,0,0,0,0,0,0,0,0,0,0,0,0,0,0,0,0,0,0,0,0,0,0,0,0,0,,,,,,,,,,,,,,,,,,,,,,,,,,,,,
500607,湖南学而优文化传播有限公司,0,0,0,0,0,0,0,0,0,0,0,0,0,0,0,0,0,0,0,0,0,0,0,0,0,0,0,0,0,,,,,,,,,,,,,,,,,,,,,,,,,,,,,
800019,长江文艺出版社有限公司,0,0,0,0,0,0,0,0,0,0,0,0,0,0,0,0,0,0,0,0,0,0,0,0,0,0,0,0,0,,,,,,,,,,,,,,,,,,,,,,,,,,,,,
500338,湖北梦之组文化传播有限公司,0,0,0,0,0,0,0,0,0,0,0,0,0,0,0,0,0,0,0,0,0,0,0,0,0,0,0,0,0,,,,,,,,,,,,,,,,,,,,,,,,,,,,,
500326,湖南省新华书店有限责任公司,0,0,0,0,0,0,0,0,0,0,0,0,0,0,0,0,0,0,0,0,0,0,0,0,0,0,0,0,0,,,,,,,,,,,,,,,,,,,,,,,,,,,,,
500186,北京时代华畅文化有限公司,0,0,0,0,0,0,0,0,0,0,0,0,0,0,0,0,0,0,0,0,0,0,0,0,0,0,0,0,0,,,,,,,,,,,,,,,,,,,,,,,,,,,,,
500264,河南学伴文化传播有限公司,0,0,0,0,0,0,0,0,0,0,0,0,0,0,0,0,0,0,0,0,0,0,0,0,0,0,0,0,0,,,,,,,,,,,,,,,,,,,,,,,,,,,,,
500321,郑州邦尔学文化传媒有限公司,0,0,8,9,7,14,0,0,0,0,0,0,0,0,0,0,0,0,0,0,0,0,0,0,0,0,0,0,0,,,,,,,,,,,,,,,,,,,,,,,,,,,,,
500662,陕西新联文化教育有限公司,0,0,0,0,0,0,0,0,0,0,0,0,0,0,0,0,0,0,0,0,0,0,0,0,0,0,0,0,0,,,,,,,,,,,,,,,,,,,,,,,,,,,,,
500612,山东海知源文化传媒有限公司,0,0,0,0,0,0,0,0,0,0,0,0,0,0,0,0,0,0,0,0,0,0,0,0,0,0,0,0,0,,,,,,,,,,,,,,,,,,,,,,,,,,,,,
500569,山东梁山世纪儒源文化传媒有限公司,0,0,0,0,0,0,0,0,0,0,0,0,0,0,0,0,0,0,0,0,0,0,0,0,0,0,0,0,0,,,,,,,,,,,,,,,,,,,,,,,,,,,,,
500256,河南华炳焱文化传媒有限公司,0,0,0,0,0,0,0,0,0,0,0,0,0,0,0,0,0,0,0,0,0,0,0,0,0,0,0,0,0,,,,,,,,,,,,,,,,,,,,,,,,,,,,,
500301,北京三爱创新教育科技中心,0,0,0,0,0,0,0,0,0,0,0,0,0,0,0,0,0,0,0,0,0,0,0,0,0,0,0,0,0,,,,,,,,,,,,,,,,,,,,,,,,,,,,,
800024,时代新媒体出版社有限责任公司,0,0,0,0,0,0,0,0,0,0,0,0,0,0,0,0,0,0,0,0,0,0,0,0,0,0,0,0,0,,,,,,,,,,,,,,,,,,,,,,,,,,,,,
501921,郑州众轩图书有限公司,0,0,0,0,0,0,0,0,0,0,0,0,0,0,0,0,0,0,0,0,0,0,0,0,0,0,0,0,0,,,,,,,,,,,,,,,,,,,,,,,,,,,,,
500682,世界图书出版上海有限公司,0,0,0,0,0,0,0,0,0,0,0,0,0,0,0,0,0,0,0,0,0,0,0,0,0,0,0,0,0,,,,,,,,,,,,,,,,,,,,,,,,,,,,,
500678,北京鸿状元文化传媒有限公司,0,0,0,0,0,0,0,0,0,0,0,0,0,0,0,0,0,0,0,0,0,0,0,0,0,0,0,0,0,,,,,,,,,,,,,,,,,,,,,,,,,,,,,
500670,江西卓众文化发展有限公司,0,0,0,0,0,0,0,0,0,0,0,0,0,0,0,0,0,0,0,0,0,0,0,0,0,0,0,0,0,,,,,,,,,,,,,,,,,,,,,,,,,,,,,
500608,河南欢颜文化传媒有限公司,0,0,0,0,0,0,0,0,0,0,0,0,0,0,0,0,0,0,0,0,0,0,0,0,0,0,0,0,0,,,,,,,,,,,,,,,,,,,,,,,,,,,,,
800023,中国广播影视出版社有限公司,0,0,0,0,0,0,0,0,0,0,0,0,0,0,0,0,0,0,0,0,0,0,0,0,0,0,0,0,0,,,,,,,,,,,,,,,,,,,,,,,,,,,,,
500680,北京汇众博源教育科技有限公司,0,0,0,0,0,0,0,0,0,0,0,0,0,0,0,0,0,0,0,0,0,0,0,0,0,0,0,0,0,,,,,,,,,,,,,,,,,,,,,,,,,,,,,
500679,山东多乐多教育科技有限公司,0,0,0,0,0,0,0,0,0,0,0,0,0,0,0,0,0,0,0,0,0,0,0,0,0,0,0,0,0,,,,,,,,,,,,,,,,,,,,,,,,,,,,,
500676,北京牧野春晖图书有限公司,0,0,0,0,0,0,0,0,0,0,0,0,0,0,0,0,0,0,0,0,0,0,0,0,0,0,0,0,0,,,,,,,,,,,,,,,,,,,,,,,,,,,,,
500677,北京思状科技发展有限公司,0,0,0,0,0,0,0,0,0,0,0,0,0,0,0,0,0,0,0,0,0,0,0,0,0,0,0,0,0,,,,,,,,,,,,,,,,,,,,,,,,,,,,,
500467,湖南教育报刊社《初中生》编辑部,0,0,0,0,0,0,0,0,0,0,0,0,0,0,0,0,0,0,0,0,0,0,0,0,0,0,0,0,0,,,,,,,,,,,,,,,,,,,,,,,,,,,,,
500624,福建漂读网络科技有限公司,0,0,0,0,0,0,0,0,0,0,0,0,0,0,0,0,0,0,0,0,0,0,0,0,0,0,0,0,0,,,,,,,,,,,,,,,,,,,,,,,,,,,,,
500286,湖南佩佩教育科技有限公司,0,0,10,10,0,0,0,0,0,0,0,0,0,0,0,0,0,0,0,0,0,0,0,0,0,0,0,0,0,,,,,,,,,,,,,,,,,,,,,,,,,,,,,
500208,洛阳贵海图书有限公司,0,0,0,0,0,0,0,0,0,0,0,0,0,0,0,0,0,0,0,0,0,0,0,0,0,0,0,0,0,,,,,,,,,,,,,,,,,,,,,,,,,,,,,
500613,陕西经纬图书报刊发行有限公司,0,0,0,0,0,0,0,0,0,0,0,0,0,0,0,0,0,0,0,0,0,0,0,0,0,0,0,0,0,,,,,,,,,,,,,,,,,,,,,,,,,,,,,
500274,河南突唯文化传播有限公司,0,0,0,0,0,0,0,0,0,0,0,0,0,0,0,0,0,0,0,0,0,0,0,0,0,0,0,0,0,,,,,,,,,,,,,,,,,,,,,,,,,,,,,
500263,河南功书文化传播有限公司,0,0,0,0,0,0,0,0,0,0,0,0,0,0,0,0,0,0,0,0,0,0,0,0,0,0,0,0,0,,,,,,,,,,,,,,,,,,,,,,,,,,,,,
800017,文化发展出版社有限公司,0,0,0,0,0,0,0,0,0,0,0,0,0,0,0,0,0,0,0,0,0,0,0,0,0,0,0,0,0,,,,,,,,,,,,,,,,,,,,,,,,,,,,,
500658,山东书品文化传媒有限公司,0,0,0,0,0,0,0,0,0,0,0,0,0,0,0,0,0,0,0,0,0,0,0,0,0,0,0,0,0,,,,,,,,,,,,,,,,,,,,,,,,,,,,,
500604,扬帆之星（北京）文化传媒有限责任公司,0,0,0,0,0,0,0,0,0,0,0,0,0,0,0,0,0,0,0,0,0,0,0,0,0,0,0,0,0,,,,,,,,,,,,,,,,,,,,,,,,,,,,,
500293,郑州海豚图书有限公司,0,0,0,0,0,0,0,0,0,0,0,0,0,0,0,0,0,0,0,0,0,0,0,0,0,0,0,0,0,,,,,,,,,,,,,,,,,,,,,,,,,,,,,
500648,河南北之星图书有限公司,0,0,0,0,0,0,0,0,0,0,0,0,0,0,0,0,0,0,0,0,0,0,0,0,0,0,0,0,0,,,,,,,,,,,,,,,,,,,,,,,,,,,,,
900004,西安市新城区图图释道书店,0,0,0,0,0,0,0,0,0,0,0,0,0,0,0,0,0,0,0,0,0,0,0,0,0,0,0,0,0,,,,,,,,,,,,,,,,,,,,,,,,,,,,,
500657,说词解字（北京）文化有限公司,0,0,0,0,0,0,0,0,0,0,0,0,0,0,0,0,0,0,0,0,0,0,0,0,0,0,0,0,0,,,,,,,,,,,,,,,,,,,,,,,,,,,,,
500279,河南天疆教育科技有限公司,0,0,0,0,0,0,0,0,0,0,0,0,0,0,0,0,0,0,0,0,0,0,0,0,0,0,0,0,0,,,,,,,,,,,,,,,,,,,,,,,,,,,,,
500603,河北领恒图书销售有限公司,0,0,0,0,0,0,0,0,0,0,0,0,0,0,0,0,0,0,0,0,0,0,0,0,0,0,0,0,0,,,,,,,,,,,,,,,,,,,,,,,,,,,,,
500305,河南典学文化传播有限公司,0,0,0,0,0,0,0,0,0,0,0,0,0,0,0,0,0,0,0,0,0,0,0,0,0,0,0,0,0,,,,,,,,,,,,,,,,,,,,,,,,,,,,,
500348,湖南森利鑫文化传播有限公司,0,0,0,0,0,0,0,0,0,0,0,0,0,0,0,0,0,0,0,0,0,0,0,0,0,0,0,0,0,,,,,,,,,,,,,,,,,,,,,,,,,,,,,
500681,山东太学教育科技有限公司,0,0,0,0,0,0,0,0,0,0,0,0,0,0,0,0,0,0,0,0,0,0,0,0,0,0,0,0,0,,,,,,,,,,,,,,,,,,,,,,,,,,,,,
500675,北方国家版权交易中心有限公司,0,0,0,0,0,0,0,0,0,0,0,0,0,0,0,0,0,0,0,0,0,0,0,0,0,0,0,0,0,,,,,,,,,,,,,,,,,,,,,,,,,,,,,
500671,洛阳墨韵文化传媒有限公司,0,0,0,0,0,0,0,0,0,0,0,0,0,0,0,0,0,0,0,0,0,0,0,0,0,0,0,0,0,,,,,,,,,,,,,,,,,,,,,,,,,,,,,
500341,湖北快乐导航文化传播有限公司,0,0,0,0,0,0,0,0,0,0,0,0,0,0,0,0,0,0,0,0,0,0,0,0,0,0,0,0,0,,,,,,,,,,,,,,,,,,,,,,,,,,,,,
900005,南京市玄武区书生教育信息咨询工作室,341,255,550,392,242,842,36,255,433,321,308,864,0,53,289,138,351,996,267,186,1027,420,319,258,673,350,311,433,251,,,,,,,,,,,,,,,,,,,,,,,,,,,,,
500447,北京五洲时代天华文化传媒有限公司,371,1321,1602,1435,1589,238,0,1643,2235,2131,1679,1077,0,0,0,2189,1185,423,0,0,1178,4858,0,0,0,0,6383,184,0,,,,,,,,,,,,,,,,,,,,,,,,,,,,,
800030,北方联合出版传媒（集团）股份有限公司分公司,418,404,951,851,530,167,393,13,559,891,934,770,945,219,1603,669,480,305,281,0,789,663,681,501,457,165,1089,1142,848,,,,,,,,,,,,,,,,,,,,,,,,,,,,,
500480,陕西助力文化传媒有限公司,528,1,903,1154,773,544,0,0,159,1573,974,1142,0,268,873,574,527,197,0,0,0,0,0,0,0,0,0,492,196,,,,,,,,,,,,,,,,,,,,,,,,,,,,,
500184,金华市合创展教育图书有限公司,0,0,301,341,62,60,2,0,67,63,82,126,0,174,175,445,14,0,0,0,18,17,55,47,0,0,0,0,0,,,,,,,,,,,,,,,,,,,,,,,,,,,,,
500426,湖北瀚海书航文化传媒有限公司,287,37,125,148,17,12,0,0,131,49,99,56,0,0,0,0,11,3,138,82,483,848,372,225,58,27,167,100,83,,,,,,,,,,,,,,,,,,,,,,,,,,,,,
500494,山东学缘教育图书有限公司,0,0,0,0,0,0,0,0,0,0,0,0,0,0,0,0,0,0,0,18,158,2215,874,764,1034,1614,979,689,620,,,,,,,,,,,,,,,,,,,,,,,,,,,,,
500535,北京知行健教育咨询有限公司,0,0,0,0,0,0,0,0,0,0,0,0,0,0,0,459,1265,0,0,0,0,0,0,0,0,0,0,0,0,,,,,,,,,,,,,,,,,,,,,,,,,,,,,
500431,山东瀚海文苑传媒有限公司,0,0,0,0,0,0,0,0,0,0,0,0,0,0,0,0,0,0,0,0,0,0,0,0,0,0,0,0,0,,,,,,,,,,,,,,,,,,,,,,,,,,,,,
500528,北京伯乐马文化发展中心,0,0,0,0,15,0,0,0,0,0,0,0,0,0,0,0,40,0,0,0,48,0,0,0,0,0,0,158,0,,,,,,,,,,,,,,,,,,,,,,,,,,,,,
500540,安徽大图文化传播有限公司,0,0,0,0,28,32,0,0,0,0,0,0,0,0,0,81,66,0,0,0,0,0,0,0,0,0,0,57,42,,,,,,,,,,,,,,,,,,,,,,,,,,,,,
500429,成都景中教育软件有限公司,0,0,0,0,0,0,0,0,0,0,0,0,0,0,0,0,0,0,0,0,0,0,0,0,0,0,0,0,0,,,,,,,,,,,,,,,,,,,,,,,,,,,,,
500433,河北敬文图书有限公司,0,0,0,0,0,0,0,0,0,0,0,0,0,0,1143,0,0,193,0,0,0,0,0,293,136,0,0,0,0,,,,,,,,,,,,,,,,,,,,,,,,,,,,,
500386,华版（北京）文化有限公司,0,0,0,0,0,0,0,0,0,0,0,0,0,0,0,0,0,0,0,0,0,0,0,0,0,0,0,0,0,,,,,,,,,,,,,,,,,,,,,,,,,,,,,
800026,北京世纪东方科技发展有限公司,0,0,0,0,0,0,0,0,0,0,0,0,0,0,0,0,0,0,0,0,0,0,0,0,0,0,0,0,0,,,,,,,,,,,,,,,,,,,,,,,,,,,,,
500484,河南酷特文化传媒有限公司,0,0,0,0,0,0,0,0,0,0,0,0,0,0,0,0,0,0,0,0,0,0,0,0,0,0,0,0,0,,,,,,,,,,,,,,,,,,,,,,,,,,,,,
500233,武汉华简书业有限公司,0,0,0,0,0,0,0,0,0,0,0,0,0,0,0,0,0,0,0,0,0,0,0,0,0,0,0,0,0,,,,,,,,,,,,,,,,,,,,,,,,,,,,,
500579,潍坊神龙图书发行有限公司,0,0,0,0,0,0,0,0,0,0,0,0,0,0,0,0,0,0,0,0,0,0,0,0,0,66,1456,881,952,,,,,,,,,,,,,,,,,,,,,,,,,,,,,
500519,伊宁市格邦托管服务有限公司,0,0,0,0,0,0,0,0,0,0,0,0,0,0,0,0,0,0,0,0,0,0,0,0,0,0,0,0,0,,,,,,,,,,,,,,,,,,,,,,,,,,,,,
500435,沈阳市驰翔书刊有限公司,0,0,0,0,0,0,0,0,0,0,0,0,0,0,0,0,0,0,0,0,0,0,0,0,0,0,0,0,0,,,,,,,,,,,,,,,,,,,,,,,,,,,,,
500573,山东接力教育集团有限公司,904,696,2423,1663,1087,961,1098,683,2059,1941,2333,2665,704,634,999,3741,1256,125,1623,1711,2934,3085,3087,2608,48,65,45,0,0,,,,,,,,,,,,,,,,,,,,,,,,,,,,,
500285,山东一帆融媒教育科技有限公司,1279,6351,5045,3467,798,187,0,1411,1404,2776,2184,1841,319,1473,2060,995,173,17,1857,857,2743,2865,2115,1604,14,18,6063,4546,2142,,,,,,,,,,,,,,,,,,,,,,,,,,,,,
500505,湖北千里万卷教育科技有限责任公司,259,600,1568,1240,851,156,0,497,1110,842,960,703,279,226,1047,897,4594,804,0,66,275,254,174,133,0,0,0,0,0,,,,,,,,,,,,,,,,,,,,,,,,,,,,,
500272,山东中辰文化传媒有限公司,0,320,331,358,343,379,0,460,405,566,401,2226,0,416,416,544,1934,888,0,230,820,630,437,1644,0,0,558,797,963,,,,,,,,,,,,,,,,,,,,,,,,,,,,,
500415,山东一本图书有限公司,0,0,0,1,0,0,0,0,1012,461,79,82,0,0,0,0,529,1716,1052,839,2134,5015,1052,211,537,820,2400,876,1933,,,,,,,,,,,,,,,,,,,,,,,,,,,,,
500187,荆州市南宇图书有限公司,283,317,1173,695,729,78,0,0,1890,1508,740,736,39,1277,1280,1251,1059,63,60,285,391,566,217,274,640,116,260,326,323,,,,,,,,,,,,,,,,,,,,,,,,,,,,,
500514,河北考源书业有限公司,434,1939,1737,1484,898,94,0,1249,1015,1600,1479,1147,23,640,1624,999,219,0,495,1600,963,1081,949,851,28,1064,1056,0,0,,,,,,,,,,,,,,,,,,,,,,,,,,,,,
500576,郑州培优教育图书发行有限公司,192,0,0,0,0,2,0,19,513,467,664,454,0,0,658,470,664,1125,0,142,918,479,521,1642,3,333,839,475,808,,,,,,,,,,,,,,,,,,,,,,,,,,,,,
500389,河北万卷文化有限公司,48,0,596,860,243,155,0,0,471,539,430,370,0,822,827,460,408,172,0,0,0,521,839,410,298,837,654,354,201,,,,,,,,,,,,,,,,,,,,,,,,,,,,,
500482,山东仁心齐教育科技有限公司,1002,343,346,1545,573,144,278,496,0,0,1435,1235,112,1290,620,732,147,201,0,478,0,658,229,178,0,0,0,665,0,,,,,,,,,,,,,,,,,,,,,,,,,,,,,
500177,河北志东图书有限公司,0,0,408,0,0,0,2031,48,87,91,84,209,137,132,1,174,0,198,22,71,84,1318,99,102,12,7,3,0,0,,,,,,,,,,,,,,,,,,,,,,,,,,,,,
500442,梁山鑫宇文化传媒有限公司,0,0,0,0,0,0,136,0,0,290,622,632,0,0,0,0,0,0,0,0,134,148,0,0,1,0,0,0,0,,,,,,,,,,,,,,,,,,,,,,,,,,,,,
500214,四川多能教育书业有限公司,314,141,372,354,140,227,175,1253,810,955,846,951,239,411,596,360,243,309,160,153,454,545,424,387,200,213,201,687,420,,,,,,,,,,,,,,,,,,,,,,,,,,,,,
500201,河南鼎成教育科技有限公司,175,376,263,234,1969,64,0,0,1024,826,739,579,498,498,683,290,461,0,75,0,554,601,430,293,0,1715,548,141,167,,,,,,,,,,,,,,,,,,,,,,,,,,,,,
500288,滨州市众邦图书有限公司,0,0,0,0,0,0,0,0,260,0,633,227,0,36,0,0,0,278,97,13,0,2,2,0,0,0,0,0,0,,,,,,,,,,,,,,,,,,,,,,,,,,,,,
500500,山东正大图书有限公司,6,124,86,379,105,98,72,0,0,0,0,0,0,0,0,532,0,0,0,74,0,0,0,697,0,0,0,0,2012,,,,,,,,,,,,,,,,,,,,,,,,,,,,,
500440,山东优易练图书有限公司,0,0,0,0,0,0,0,0,305,269,191,115,0,0,60,0,0,0,0,0,415,246,131,128,0,0,0,397,128,,,,,,,,,,,,,,,,,,,,,,,,,,,,,
500416,南京考优文化传播有限公司,1,27,0,20,9,0,13,0,9,26,0,18,39,0,0,29,0,26,0,0,0,0,53,0,0,0,0,0,9,,,,,,,,,,,,,,,,,,,,,,,,,,,,,
500277,梁山智源数字化科技有限公司,0,0,0,0,0,14,0,0,160,256,416,288,0,0,0,103,136,8,22,0,7,2,4,54,0,0,9,42,74,,,,,,,,,,,,,,,,,,,,,,,,,,,,,
500527,万向思维国际教育科技集团（西安）股份有限公司,0,0,0,0,0,0,0,0,0,0,0,0,0,138,165,408,69,18,0,0,0,0,0,0,0,0,0,0,0,,,,,,,,,,,,,,,,,,,,,,,,,,,,,
800031,吉林教育出版社有限责任公司,0,0,0,0,0,0,0,157,164,209,195,218,0,0,456,115,100,32,0,0,403,300,232,208,0,0,412,498,255,,,,,,,,,,,,,,,,,,,,,,,,,,,,,
500412,河南青橙教育科技有限公司,36,29,47,45,55,857,588,0,0,182,133,209,58,0,0,0,0,0,0,0,0,0,0,0,0,0,0,0,0,,,,,,,,,,,,,,,,,,,,,,,,,,,,,
500259,河南昕金立文化传媒有限公司,160,146,153,179,0,0,0,0,141,131,148,213,127,164,161,156,0,0,0,0,0,0,386,186,0,0,0,324,124,,,,,,,,,,,,,,,,,,,,,,,,,,,,,
500520,山东步步维赢文化传媒有限公司,0,0,0,99,0,0,363,0,0,0,0,637,208,0,0,81,0,361,104,0,0,0,18,199,133,90,0,0,0,,,,,,,,,,,,,,,,,,,,,,,,,,,,,
500483,湖北浩然盛锦文化传媒有限公司,0,0,0,0,0,0,0,0,0,0,0,0,0,0,0,0,0,0,0,0,0,0,0,0,0,0,0,0,0,,,,,,,,,,,,,,,,,,,,,,,,,,,,,
500583,梁山博圣图书有限公司,0,0,806,0,0,0,0,0,0,0,0,0,0,0,0,0,0,617,0,0,0,592,0,0,0,0,0,0,0,,,,,,,,,,,,,,,,,,,,,,,,,,,,,
500465,太原市后土文化传媒有限公司,1,0,0,1,4,0,0,54,0,0,0,13,0,26,42,0,15,0,0,0,76,0,0,0,0,10,0,0,3,,,,,,,,,,,,,,,,,,,,,,,,,,,,,
500452,合肥亚泰嘉和文化传播有限公司,0,0,93,122,0,0,0,36,38,39,39,5,0,24,1,1,0,0,0,0,11,10,13,39,0,0,0,0,0,,,,,,,,,,,,,,,,,,,,,,,,,,,,,
500509,河北启光教育科技有限公司,1288,0,0,645,1430,88,0,0,0,0,0,0,0,0,0,0,0,0,0,0,0,0,0,0,0,0,0,0,0,,,,,,,,,,,,,,,,,,,,,,,,,,,,,
500582,志恒文化传媒（北京）有限公司,0,0,0,6,0,0,0,0,0,0,0,0,0,0,0,42,92,0,0,0,0,0,0,0,0,0,0,0,10,,,,,,,,,,,,,,,,,,,,,,,,,,,,,
500423,山西晋一教育科技有限公司,0,0,37,0,21,135,0,0,0,0,0,0,0,0,0,0,0,22,44,0,0,0,0,0,0,0,0,0,0,,,,,,,,,,,,,,,,,,,,,,,,,,,,,
500574,山东义博海越文化传媒有限公司,0,0,0,0,0,0,0,0,0,0,0,0,0,0,0,0,0,0,0,0,0,0,0,0,0,0,0,0,0,,,,,,,,,,,,,,,,,,,,,,,,,,,,,
500530,北京点石新语文文化发展有限公司,0,0,0,0,17,0,0,0,0,0,0,0,0,0,0,0,0,0,0,0,0,0,0,0,0,0,0,0,0,,,,,,,,,,,,,,,,,,,,,,,,,,,,,
500506,广州速进文化发展有限公司,0,0,624,0,0,0,0,0,0,0,0,0,0,0,0,0,0,0,0,0,0,0,0,0,0,0,0,0,0,,,,,,,,,,,,,,,,,,,,,,,,,,,,,
900001,肃宁县东信教育书店,0,0,18,0,12,0,14,0,7,7,4,0,0,0,0,0,0,0,0,0,0,0,0,0,0,0,0,0,0,,,,,,,,,,,,,,,,,,,,,,,,,,,,,
500203,四川汇合明聚教育科技有限公司,27,173,0,0,0,0,0,0,0,0,0,0,0,0,0,0,0,0,0,0,0,0,0,0,0,0,0,0,0,,,,,,,,,,,,,,,,,,,,,,,,,,,,,
500517,郑州瀚海文化传播有限公司,0,0,0,0,0,0,0,0,0,0,0,0,0,0,0,0,0,0,0,0,0,0,0,0,0,0,0,0,0,,,,,,,,,,,,,,,,,,,,,,,,,,,,,
500281,湖北远成文化传播有限公司,3,0,0,0,0,0,0,0,0,0,0,0,0,0,0,0,0,0,0,0,0,0,0,0,0,0,0,0,0,,,,,,,,,,,,,,,,,,,,,,,,,,,,,
500552,滨州儒乾文化传媒有限公司,0,0,0,0,0,0,0,0,0,0,0,0,0,0,0,0,0,0,0,0,0,0,0,0,0,0,0,0,0,,,,,,,,,,,,,,,,,,,,,,,,,,,,,
500443,云南孝全文化传播有限公司,0,0,0,0,0,0,0,0,0,0,0,0,0,0,0,0,0,0,0,0,0,0,0,0,0,0,0,0,0,,,,,,,,,,,,,,,,,,,,,,,,,,,,,
500247,山东毫末教育科技有限公司,0,0,0,0,0,0,0,0,0,0,0,0,0,0,0,0,0,0,0,0,0,0,0,0,0,0,0,0,0,,,,,,,,,,,,,,,,,,,,,,,,,,,,,
500220,北京良石嘉业文化发展有限公司,0,0,0,0,0,0,0,0,0,0,0,0,0,0,0,0,0,0,0,0,0,0,0,0,0,0,0,0,0,,,,,,,,,,,,,,,,,,,,,,,,,,,,,
500260,北京元申教育科技有限公司,0,0,0,0,0,0,0,0,0,0,0,0,0,0,0,0,0,0,0,0,0,0,0,0,0,0,0,0,0,,,,,,,,,,,,,,,,,,,,,,,,,,,,,
500577,《英语周报》社有限公司,0,0,0,0,0,0,0,0,0,0,0,0,0,0,0,0,0,0,0,0,0,0,0,0,0,0,0,0,0,,,,,,,,,,,,,,,,,,,,,,,,,,,,,
500449,吉林梓耕教育科技股份有限公司,0,0,0,0,0,0,0,0,0,0,8,0,0,0,0,0,0,0,0,0,0,0,0,0,0,0,0,0,0,,,,,,,,,,,,,,,,,,,,,,,,,,,,,
800028,山东教育出版社有限公司,0,0,0,0,0,0,0,0,0,0,0,0,0,0,0,0,0,0,0,0,0,0,0,0,0,0,0,0,0,,,,,,,,,,,,,,,,,,,,,,,,,,,,,
500674,上海天禾图书有限公司,0,0,0,0,4,199,0,0,0,0,0,0,0,0,0,0,0,0,0,0,0,0,0,0,0,0,0,0,0,,,,,,,,,,,,,,,,,,,,,,,,,,,,,
500384,梁山儒舟文化传媒有限公司,0,0,0,0,0,0,0,0,0,0,0,0,0,0,0,0,0,0,0,0,0,0,0,0,0,0,0,0,0,,,,,,,,,,,,,,,,,,,,,,,,,,,,,
500492,智品天下图书（北京）有限公司,0,0,0,0,0,0,0,0,0,0,0,0,0,0,0,0,0,0,0,0,0,0,0,0,0,0,0,0,0,,,,,,,,,,,,,,,,,,,,,,,,,,,,,
500437,四川百鸣教育科技有限公司,0,0,0,0,0,0,0,0,0,0,0,0,0,0,0,0,0,0,0,0,0,0,0,0,0,0,0,0,0,,,,,,,,,,,,,,,,,,,,,,,,,,,,,
500252,湖北大鑫文化传媒有限公司,0,0,0,0,0,0,0,0,0,0,0,0,0,0,0,0,0,0,0,0,0,0,0,0,0,0,0,0,0,,,,,,,,,,,,,,,,,,,,,,,,,,,,,
500503,河南金书文化传播有限公司,0,0,0,0,0,0,0,0,0,0,0,0,0,0,0,0,0,0,0,0,0,0,0,0,0,0,0,0,0,,,,,,,,,,,,,,,,,,,,,,,,,,,,,
500472,深圳泰微课教育科技有限公司,0,0,0,0,0,0,0,0,0,0,0,0,0,0,0,0,0,0,0,0,0,0,0,0,0,0,0,0,0,,,,,,,,,,,,,,,,,,,,,,,,,,,,,
500427,长春市天源图书有限责任公司,0,0,0,0,0,0,0,0,0,0,0,0,0,0,0,0,0,0,0,0,0,0,0,0,0,0,0,0,0,,,,,,,,,,,,,,,,,,,,,,,,,,,,,
500581,四川省万树文化传播有限公司,0,0,0,0,0,0,17,385,0,0,0,0,0,0,0,0,0,0,0,0,0,0,0,0,0,0,0,0,0,,,,,,,,,,,,,,,,,,,,,,,,,,,,,
800029,湖南教育音像电子出版社有限责任公司,0,0,0,0,0,0,0,0,0,0,0,0,0,0,0,0,0,0,0,0,0,0,0,0,0,0,0,0,0,,,,,,,,,,,,,,,,,,,,,,,,,,,,,
500529,北京市育学林教育技术有限公司,0,0,0,0,0,0,0,0,0,0,0,0,0,0,0,0,0,0,0,0,0,0,0,0,0,0,0,0,0,,,,,,,,,,,,,,,,,,,,,,,,,,,,,
500638,北京润学漫华文化传播有限公司,0,0,0,0,0,0,0,0,0,36,9,11,0,0,0,0,0,0,0,0,0,0,0,0,0,0,0,0,0,,,,,,,,,,,,,,,,,,,,,,,,,,,,,
500460,河南三之三教育科技有限公司,0,0,0,0,0,0,0,0,0,0,0,0,0,0,0,0,0,0,0,0,0,0,0,0,0,0,0,0,0,,,,,,,,,,,,,,,,,,,,,,,,,,,,,
500496,南京师文教育咨询中心,0,0,0,0,0,0,0,0,0,0,0,0,0,0,0,0,0,0,0,0,0,0,0,0,0,0,0,0,0,,,,,,,,,,,,,,,,,,,,,,,,,,,,,
800027,长春东北师范大学出版社有限责任公司,0,0,0,0,0,0,0,0,0,0,0,0,0,0,0,0,0,0,0,0,0,0,0,0,0,0,0,0,0,,,,,,,,,,,,,,,,,,,,,,,,,,,,,
500405,山西文海泉文化传播有限公司,0,0,0,0,0,0,0,0,0,0,0,0,0,0,0,0,0,0,0,0,0,0,0,0,0,0,0,0,0,,,,,,,,,,,,,,,,,,,,,,,,,,,,,
500428,山东文泉文化传媒有限公司,0,0,0,0,0,0,0,0,0,0,0,0,0,0,0,0,0,0,0,0,0,0,0,0,0,0,0,0,0,,,,,,,,,,,,,,,,,,,,,,,,,,,,,
500448,山西圣典华章文化传媒有限公司,0,0,0,0,0,0,0,0,0,0,0,0,0,0,0,0,0,0,0,0,0,0,0,0,0,0,0,0,0,,,,,,,,,,,,,,,,,,,,,,,,,,,,,
500385,杭州蓝鲸图书有限公司,0,0,0,0,0,0,0,0,0,0,0,0,0,0,0,0,0,0,0,0,0,0,0,0,0,0,0,0,0,,,,,,,,,,,,,,,,,,,,,,,,,,,,,
500522,山东沐彤教育科技有限公司,0,0,0,0,0,0,0,0,0,0,0,0,0,0,0,0,0,0,0,0,0,0,0,0,0,0,0,0,0,,,,,,,,,,,,,,,,,,,,,,,,,,,,,
500580,河南宣雨教育图书有限公司,0,0,0,0,0,0,0,0,0,0,0,0,0,0,0,0,0,0,0,0,0,0,0,455,27,38,18,15,10,,,,,,,,,,,,,,,,,,,,,,,,,,,,,
500516,山西华海浩宇文化传播有限公司,0,0,0,0,0,0,0,0,0,0,0,0,0,0,0,0,0,0,0,0,0,0,0,0,0,0,0,0,0,,,,,,,,,,,,,,,,,,,,,,,,,,,,,
500401,江苏文泉图书文化有限公司,0,0,0,0,0,0,0,0,0,0,0,0,0,0,0,0,0,0,0,0,0,0,0,0,0,0,0,0,0,,,,,,,,,,,,,,,,,,,,,,,,,,,,,
500383,河北文博教育科技集团有限公司,0,0,0,0,0,0,0,0,0,0,0,0,0,0,0,0,0,0,0,0,0,0,0,0,0,0,0,0,0,,,,,,,,,,,,,,,,,,,,,,,,,,,,,
500445,太原市亿典教育科技有限公司,0,0,0,0,0,0,0,0,0,0,0,0,0,0,0,0,0,0,0,0,0,0,0,0,0,0,0,0,0,,,,,,,,,,,,,,,,,,,,,,,,,,,,,
500556,山东慧林文化传媒有限公司,0,0,0,0,0,0,0,0,0,0,0,0,0,0,0,0,0,0,0,0,0,0,0,0,0,0,0,0,0,,,,,,,,,,,,,,,,,,,,,,,,,,,,,
500337,河南硕源教育咨询有限公司,0,0,0,0,0,0,0,0,0,0,0,0,0,0,0,0,0,0,0,0,0,0,0,0,0,0,0,0,0,,,,,,,,,,,,,,,,,,,,,,,,,,,,,
500474,安阳市超世通文化传媒有限公司,0,0,0,0,0,0,0,0,0,0,0,0,0,0,0,0,0,0,0,0,0,0,0,0,0,0,0,0,0,,,,,,,,,,,,,,,,,,,,,,,,,,,,,
500364,哈尔滨多森文化传播有限公司,0,0,0,0,0,0,0,0,0,0,0,0,0,0,0,0,0,0,0,0,0,0,0,0,0,0,0,0,0,,,,,,,,,,,,,,,,,,,,,,,,,,,,,
500524,北京思齐弘天文化发展有限公司,0,0,0,0,0,0,0,0,0,0,0,0,0,0,0,0,0,0,0,0,0,0,0,0,0,0,0,0,0,,,,,,,,,,,,,,,,,,,,,,,,,,,,,
500424,陕西时代盛秦图书有限责任公司,0,0,0,0,0,0,0,0,0,0,0,0,0,0,0,0,0,0,0,0,0,0,0,0,0,0,0,0,0,,,,,,,,,,,,,,,,,,,,,,,,,,,,,
500564,梁山华维科技文化发展有限公司,0,0,0,0,0,0,0,0,0,0,0,0,0,0,0,0,0,0,0,0,0,0,0,0,0,0,0,0,0,,,,,,,,,,,,,,,,,,,,,,,,,,,,,
500213,重庆课堂内外杂志社出版有限公司,0,0,0,0,0,0,0,0,0,0,0,0,0,0,0,0,0,0,0,0,0,0,0,0,0,0,0,0,0,,,,,,,,,,,,,,,,,,,,,,,,,,,,,
500672,崇文书局有限公司,0,0,0,0,0,0,0,0,0,0,0,0,0,0,0,0,0,0,0,0,0,0,0,0,0,0,0,0,0,,,,,,,,,,,,,,,,,,,,,,,,,,,,,
500554,分之道教育网络科技有限公司,0,0,0,0,0,0,0,0,0,0,0,0,0,0,0,0,0,0,0,0,0,0,0,0,0,0,0,0,0,,,,,,,,,,,,,,,,,,,,,,,,,,,,,
500665,黑龙江德亚文化传媒有限公司,0,0,0,0,0,0,0,0,0,0,0,0,0,0,0,0,0,0,0,0,0,0,0,0,0,0,0,0,0,,,,,,,,,,,,,,,,,,,,,,,,,,,,,
500653,河南九铭文教图书发行有限公司,0,0,0,0,0,0,0,0,0,0,0,0,0,0,0,0,0,0,0,0,0,0,0,0,0,0,0,0,0,,,,,,,,,,,,,,,,,,,,,,,,,,,,,
500652,武汉华师师源图书有限公司,0,0,0,0,0,0,0,0,0,0,0,0,0,0,0,0,0,0,0,0,0,0,0,0,0,0,0,0,0,,,,,,,,,,,,,,,,,,,,,,,,,,,,,
500487,河南文友图书发行有限公司,0,0,0,0,0,0,0,0,0,0,0,0,0,0,0,0,0,0,0,0,0,0,0,0,0,0,0,0,0,,,,,,,,,,,,,,,,,,,,,,,,,,,,,
500257,北京王后雄教育科技有限公司,0,0,0,0,0,0,0,0,0,0,0,0,0,0,0,0,0,0,0,0,0,0,0,0,0,0,0,0,0,,,,,,,,,,,,,,,,,,,,,,,,,,,,,
500521,四川精志愿教育科技有限公司,0,0,0,0,0,0,0,0,0,0,0,0,0,0,0,0,0,0,0,0,0,0,0,0,0,0,0,0,0,,,,,,,,,,,,,,,,,,,,,,,,,,,,,
500655,微课时代（北京）文化传媒有限公司,0,0,0,0,0,0,0,0,0,0,0,0,0,0,0,0,0,0,0,0,0,0,0,0,0,0,0,0,0,,,,,,,,,,,,,,,,,,,,,,,,,,,,,
500666,宿迁市宿城区巨鼎教育培训中心有限公司,0,0,0,0,0,0,0,0,0,0,0,0,0,0,0,0,0,0,0,0,0,0,0,0,0,0,0,0,0,,,,,,,,,,,,,,,,,,,,,,,,,,,,,
500640,振坤翰苑（北京）图书有限公司,0,0,0,0,0,0,0,0,0,0,0,0,0,0,0,0,0,0,0,0,0,0,0,0,0,0,0,0,0,,,,,,,,,,,,,,,,,,,,,,,,,,,,,
500641,无锡市博才培训中心有限公司,0,0,0,0,0,0,0,0,0,0,0,0,0,0,0,0,0,0,0,0,0,0,0,0,0,0,0,0,0,,,,,,,,,,,,,,,,,,,,,,,,,,,,,
500575,百年育才（北京）教育咨询集团股份有限公司,0,0,0,0,0,0,0,0,0,0,0,0,0,0,0,0,0,0,0,0,0,0,0,0,0,0,0,0,0,,,,,,,,,,,,,,,,,,,,,,,,,,,,,
500455,新疆星润文化传媒有限公司,0,0,0,0,0,0,0,0,0,0,0,0,0,0,0,0,0,0,0,0,0,0,0,0,0,0,0,0,0,,,,,,,,,,,,,,,,,,,,,,,,,,,,,
500584,徐州主合教育科技有限公司,0,0,0,0,0,0,0,0,0,0,0,0,0,0,0,0,0,0,0,0,0,0,0,0,0,0,0,0,0,,,,,,,,,,,,,,,,,,,,,,,,,,,,,
500669,山东盛博苑图书有限公司,0,0,0,0,0,0,0,0,0,0,0,0,0,0,0,0,0,0,0,0,0,0,0,0,0,0,0,0,0,,,,,,,,,,,,,,,,,,,,,,,,,,,,,
500339,山东鼎鑫书业有限公司,491,451,317,585,597,1385,1455,400,404,942,1389,1961,340,424,1176,1373,1133,1474,3575,785,2363,1679,2229,1805,1354,2180,2035,2544,1318,,,,,,,,,,,,,,,,,,,,,,,,,,,,,
500162,郑州荣恒图书发行有限公司,0,0,0,762,419,85,70,91,83,312,128,118,13,35,29,513,152,646,613,284,557,731,729,1776,158,5,1004,6303,5067,,,,,,,,,,,,,,,,,,,,,,,,,,,,,
500161,西安玖典文创科技有限公司,81,89,40,284,110,219,330,20,102,10,214,266,0,122,169,230,251,61,89,42,72,81,98,64,0,0,117,213,50,,,,,,,,,,,,,,,,,,,,,,,,,,,,,
500313,山东瀚海书韵教育科技有限公司,15,0,0,0,0,0,0,0,0,0,0,0,0,0,0,0,0,0,0,0,0,0,0,0,0,0,0,0,0,,,,,,,,,,,,,,,,,,,,,,,,,,,,,
500345,广州翰庭文化传媒有限公司,176,107,91,530,271,0,0,0,0,0,0,0,0,0,0,0,0,0,238,0,0,0,0,0,0,0,0,0,0,,,,,,,,,,,,,,,,,,,,,,,,,,,,,
500297,河南文轩文化传播有限公司,68,0,0,0,0,0,0,117,21,0,0,0,0,0,0,0,0,0,1151,0,0,0,0,0,0,0,0,0,0,,,,,,,,,,,,,,,,,,,,,,,,,,,,,
500254,成都康达书业有限公司,53,32,10,0,0,0,0,0,0,0,0,0,0,0,0,112,0,660,0,0,0,0,0,0,0,0,0,0,0,,,,,,,,,,,,,,,,,,,,,,,,,,,,,
500372,广州百试乐文化教育有限公司,0,0,0,0,0,0,0,0,0,0,0,0,0,0,0,0,0,0,0,0,0,0,0,0,0,0,0,0,0,,,,,,,,,,,,,,,,,,,,,,,,,,,,,
500393,湖北海韵文化传媒有限公司,0,0,0,0,0,0,0,0,0,0,0,0,0,0,0,0,0,0,0,0,0,0,0,0,0,0,0,0,0,,,,,,,,,,,,,,,,,,,,,,,,,,,,,
500425,昆明书屯文化传播有限公司,88,0,0,0,0,0,0,0,0,0,0,0,0,0,0,0,0,0,0,0,0,0,0,0,0,0,0,0,0,,,,,,,,,,,,,,,,,,,,,,,,,,,,,
500694,重庆智琅图书有限公司两江新区分公司,0,0,0,0,0,0,0,0,0,0,0,0,0,0,0,0,0,0,0,0,0,0,0,0,0,0,0,0,0,,,,,,,,,,,,,,,,,,,,,,,,,,,,,
500302,河北艾玛文化发展有限公司,0,0,0,0,0,0,0,0,0,0,0,0,0,0,0,0,0,0,0,0,0,0,0,0,0,0,0,0,0,,,,,,,,,,,,,,,,,,,,,,,,,,,,,
500320,梁山县文轩图书有限公司,0,0,0,0,0,0,0,0,0,0,0,0,0,0,0,0,0,0,0,0,0,0,0,0,0,0,0,0,0,,,,,,,,,,,,,,,,,,,,,,,,,,,,,
500368,武汉乐学天成文化传播有限公司,0,0,0,0,0,0,0,0,0,0,0,0,0,0,0,0,0,0,0,0,0,0,0,0,0,0,0,0,0,,,,,,,,,,,,,,,,,,,,,,,,,,,,,
500319,山东志鸿超仁图书有限公司,0,0,0,0,0,0,0,0,0,0,0,0,0,0,0,0,0,0,0,0,0,0,0,0,0,0,0,0,0,,,,,,,,,,,,,,,,,,,,,,,,,,,,,
500262,广东易杰教育研究有限公司,0,0,0,0,0,0,0,0,0,0,0,0,0,0,0,0,0,0,0,0,0,0,0,0,0,0,0,0,0,,,,,,,,,,,,,,,,,,,,,,,,,,,,,
500315,山东学苑文化传媒有限责任公司,0,0,0,0,0,0,0,0,0,0,0,0,0,0,0,0,0,0,0,0,0,0,0,0,0,0,0,0,0,,,,,,,,,,,,,,,,,,,,,,,,,,,,,
500172,陕西灰犀牛图书策划有限公司,5496,12158,6486,4315,3090,398,128,1828,1813,173,300,3963,5898,8709,7126,6380,4713,1326,1568,1802,1265,95,137,2821,4015,3119,8618,3919,2523,,,,,,,,,,,,,,,,,,,,,,,,,,,,,
500376,江西宇恒文化发展有限公司,141,744,429,515,363,0,1186,0,433,195,193,179,481,25,798,378,1635,4899,626,619,1123,1849,1576,1605,1963,1034,1239,1649,1698,,,,,,,,,,,,,,,,,,,,,,,,,,,,,
500173,河北金卷教育科技有限公司,0,0,5476,5469,878,359,0,0,0,0,0,0,0,4773,0,1234,888,0,64,276,151,155,117,3698,129,113,802,2364,272,,,,,,,,,,,,,,,,,,,,,,,,,,,,,
500379,南京经纶文化传媒有限公司,84,339,398,376,8,17,0,481,493,459,420,338,0,246,241,239,267,0,182,487,537,564,548,292,45,44,832,1172,975,,,,,,,,,,,,,,,,,,,,,,,,,,,,,
500409,湖北世纪国华文化传播有限公司,0,0,0,0,0,0,0,35,76,117,246,1054,689,1531,1514,2255,5742,233,0,0,0,105,0,0,0,1641,1669,1576,0,,,,,,,,,,,,,,,,,,,,,,,,,,,,,
500343,山东佰鸿壹铭教育科技有限公司,132,267,135,0,0,0,0,180,0,0,0,0,0,0,0,0,0,0,0,161,0,0,0,0,0,0,0,0,0,,,,,,,,,,,,,,,,,,,,,,,,,,,,,
500370,江西铭文文化发展有限公司,342,163,174,153,180,0,471,0,143,70,31,55,265,6,8,9,1158,3825,700,176,400,681,458,530,308,283,296,265,219,,,,,,,,,,,,,,,,,,,,,,,,,,,,,
500490,《数理报》社有限公司,0,0,395,296,0,0,0,0,0,777,10,395,0,0,403,282,2,378,0,0,362,0,336,0,363,3,0,294,196,,,,,,,,,,,,,,,,,,,,,,,,,,,,,
500304,洛阳九歌文化传播有限公司,0,0,268,87,117,0,0,0,0,0,403,170,717,0,0,0,505,583,0,0,0,0,0,511,0,0,0,481,19,,,,,,,,,,,,,,,,,,,,,,,,,,,,,
500649,梁山启智教育图书有限公司,0,0,0,0,0,0,0,0,0,0,0,0,0,0,0,0,0,172,172,1142,1432,1439,1392,1180,624,541,788,529,343,,,,,,,,,,,,,,,,,,,,,,,,,,,,,
500365,天津市恒真文化发展有限公司,123,101,118,227,105,31,399,128,126,112,155,52,51,33,38,51,45,0,65,71,112,408,187,141,116,38,37,61,61,,,,,,,,,,,,,,,,,,,,,,,,,,,,,
500526,山东先德睿图书有限公司,74,0,378,244,61,0,0,0,0,558,233,190,0,0,587,181,132,138,0,0,217,235,97,97,0,0,0,0,0,,,,,,,,,,,,,,,,,,,,,,,,,,,,,
500317,湖北稳派教育科技有限公司,0,0,9,0,0,0,0,0,0,0,0,9,0,0,10,0,0,72,1,0,0,0,0,28,0,0,0,27,0,,,,,,,,,,,,,,,,,,,,,,,,,,,,,
500363,合肥皖智教育科技集团有限公司,48,0,34,34,34,28,89,0,91,48,0,48,48,0,0,0,15,13,0,0,106,0,53,174,0,0,0,0,291,,,,,,,,,,,,,,,,,,,,,,,,,,,,,
500327,河南清北之道教育研究院有限公司,90,0,0,0,0,0,0,0,0,0,0,0,0,0,0,0,0,0,0,0,0,0,0,0,0,0,0,0,0,,,,,,,,,,,,,,,,,,,,,,,,,,,,,
500454,湖北金色花开文化有限公司,0,0,0,430,135,101,0,0,0,0,0,0,0,0,0,0,0,0,0,0,0,0,0,0,0,0,0,0,0,,,,,,,,,,,,,,,,,,,,,,,,,,,,,
500300,山东名师文化传媒有限公司,0,0,0,0,0,0,0,0,0,0,0,0,0,446,0,0,0,0,0,0,0,0,0,446,0,0,0,0,0,,,,,,,,,,,,,,,,,,,,,,,,,,,,,
500334,山西唐文文化发展有限公司,0,0,0,0,75,241,42,67,39,0,0,338,0,0,0,0,0,0,135,0,0,0,240,278,0,103,45,123,0,,,,,,,,,,,,,,,,,,,,,,,,,,,,,
500390,河北优盛文化传播有限公司,0,0,0,0,0,0,0,0,230,0,0,0,0,0,0,133,0,0,0,0,0,0,0,32,0,0,0,0,0,,,,,,,,,,,,,,,,,,,,,,,,,,,,,
500332,北京金海豚教育科技有限公司,62,0,0,0,0,0,0,0,0,0,0,0,0,0,0,0,0,0,0,0,0,0,0,0,0,0,0,0,0,,,,,,,,,,,,,,,,,,,,,,,,,,,,,
800032,京版北教文化传媒股份有限公司,235,268,203,253,207,284,0,0,36,0,0,0,0,0,0,0,0,0,0,0,0,0,0,0,0,0,0,0,0,,,,,,,,,,,,,,,,,,,,,,,,,,,,,
500525,威海天梯图书有限公司,0,0,0,0,0,0,0,0,0,0,0,0,0,0,0,0,0,0,0,0,0,0,0,0,0,0,0,0,0,,,,,,,,,,,,,,,,,,,,,,,,,,,,,
500453,福州学熙文化传媒有限公司,0,0,0,0,0,0,0,4,232,0,0,0,0,0,81,0,0,0,0,0,0,0,0,0,0,0,0,0,0,,,,,,,,,,,,,,,,,,,,,,,,,,,,,
500329,河北知灼图书销售有限公司,0,0,0,0,0,0,0,0,0,0,0,0,0,0,0,0,159,0,0,0,0,0,0,0,0,0,0,0,0,,,,,,,,,,,,,,,,,,,,,,,,,,,,,
500360,河南智评教育科技有限公司,0,18,7,7,14,0,0,0,0,0,9,51,18,0,43,0,7,0,0,0,0,0,0,0,0,0,52,6,11,,,,,,,,,,,,,,,,,,,,,,,,,,,,,
500451,山东滨州教与学图书有限公司,0,0,0,0,0,1,0,0,13,0,0,10,0,0,0,0,0,0,0,0,0,0,0,0,20,0,0,0,0,,,,,,,,,,,,,,,,,,,,,,,,,,,,,
500417,北京组合教育科技有限公司,0,0,0,0,0,0,0,0,0,0,0,0,0,0,0,0,0,0,0,0,0,0,0,0,0,0,0,0,0,,,,,,,,,,,,,,,,,,,,,,,,,,,,,
500434,山东智慧翔文化传媒有限公司,0,0,0,0,0,0,0,0,0,0,0,0,0,0,0,0,0,0,0,0,0,0,0,0,0,0,0,0,0,,,,,,,,,,,,,,,,,,,,,,,,,,,,,
500325,广州领航教育科技有限公司,45,0,43,30,14,31,23,13,48,14,24,15,0,24,0,0,40,0,0,0,0,0,0,0,0,0,0,0,0,,,,,,,,,,,,,,,,,,,,,,,,,,,,,
500400,南昌博智文化传播有限公司,0,0,0,0,0,0,0,0,0,0,0,0,0,0,0,0,0,0,0,0,0,0,0,0,0,0,0,0,0,,,,,,,,,,,,,,,,,,,,,,,,,,,,,
500628,北京引航者教育咨询有限公司,0,0,0,0,0,0,0,0,0,0,0,0,0,0,0,0,0,0,0,0,0,0,0,0,0,0,0,0,0,,,,,,,,,,,,,,,,,,,,,,,,,,,,,
500441,陕西巨微图书文化传播有限公司,0,0,0,0,0,0,0,0,0,0,0,0,0,0,0,0,0,0,0,0,0,0,0,0,0,0,5,0,0,,,,,,,,,,,,,,,,,,,,,,,,,,,,,
500414,河南世纪天成文化发展有限公司,0,0,0,0,0,0,0,0,0,0,0,0,0,0,0,0,0,0,0,0,0,0,0,0,0,0,0,0,0,,,,,,,,,,,,,,,,,,,,,,,,,,,,,
500432,南京智业天成文化传播有限公司,0,0,0,0,0,0,0,0,0,0,0,0,0,0,0,0,0,0,0,0,0,0,0,0,0,0,0,0,0,,,,,,,,,,,,,,,,,,,,,,,,,,,,,
500381,广州逆袭教育科技服务有限公司,0,0,0,0,0,0,0,0,0,0,0,0,0,0,0,0,0,0,0,0,0,0,0,0,0,0,0,0,0,,,,,,,,,,,,,,,,,,,,,,,,,,,,,
500291,文科创新（北京）教育科技有限公司,0,0,0,0,0,0,0,0,0,0,0,0,0,0,0,0,0,0,0,0,0,0,0,0,0,0,0,0,0,,,,,,,,,,,,,,,,,,,,,,,,,,,,,
500396,河北动力林图书贸易有限公司,0,0,0,0,0,0,0,0,0,0,0,0,0,0,0,0,0,0,0,0,0,0,0,0,0,0,0,0,0,,,,,,,,,,,,,,,,,,,,,,,,,,,,,
500458,湖南高中生杂志社有限责任公司,0,0,0,0,0,0,0,0,0,0,0,0,0,0,0,0,0,0,0,0,0,0,0,0,0,0,0,0,0,,,,,,,,,,,,,,,,,,,,,,,,,,,,,
500310,辽宁教育周报出版有限公司,0,0,0,0,0,0,0,0,0,0,0,0,0,0,0,0,0,0,0,0,0,0,0,0,0,0,0,0,0,,,,,,,,,,,,,,,,,,,,,,,,,,,,,
500459,安徽优知教育咨询有限公司,0,0,0,0,0,0,0,0,0,0,0,0,0,0,0,0,0,0,0,0,0,0,0,0,0,0,0,0,0,,,,,,,,,,,,,,,,,,,,,,,,,,,,,
500308,山东学智文化传媒有限公司,0,0,0,0,0,0,0,0,0,0,0,0,0,0,0,0,0,0,0,0,0,0,0,0,0,0,0,0,0,,,,,,,,,,,,,,,,,,,,,,,,,,,,,
500650,陕西紫腾山文化传媒有限公司,0,0,0,0,0,0,0,0,0,0,0,0,0,0,0,0,0,0,0,0,0,0,0,0,0,0,0,0,0,,,,,,,,,,,,,,,,,,,,,,,,,,,,,
500625,陕西腾跃教育科技有限公司,0,0,0,0,0,0,0,0,0,0,0,0,0,0,0,0,0,0,0,0,0,0,0,0,0,0,0,0,0,,,,,,,,,,,,,,,,,,,,,,,,,,,,,
500420,天津升学易徐师教育咨询中心,0,0,0,0,0,0,0,0,0,0,0,0,0,0,0,0,0,0,0,0,0,0,0,0,0,0,0,0,0,,,,,,,,,,,,,,,,,,,,,,,,,,,,,
500436,北京明师国际教育科技有限公司,0,0,0,0,0,0,0,0,0,0,0,0,0,0,0,0,0,0,0,0,0,0,0,0,0,0,0,0,0,,,,,,,,,,,,,,,,,,,,,,,,,,,,,
500340,北京龙凤传承国际教育科技有限公司,0,0,0,0,0,0,0,0,0,0,0,0,0,0,0,0,0,0,0,0,0,0,0,0,0,0,0,0,0,,,,,,,,,,,,,,,,,,,,,,,,,,,,,
500664,佳木斯市助力电子商务有限公司,0,0,0,0,0,0,0,0,0,0,0,0,0,0,0,0,0,0,0,0,0,0,0,0,0,0,0,0,0,,,,,,,,,,,,,,,,,,,,,,,,,,,,,
500566,山东金榜苑文化传媒有限责任公司,152,147,205,0,0,0,0,0,0,0,0,0,8251,4049,4406,8878,2736,171,0,0,0,2469,592,309,51,26,7619,1186,0,,,,,,,,,,,,,,,,,,,,,,,,,,,,,
500553,山东中联翰元教育科技有限公司,337,229,254,198,156,0,0,434,705,706,713,699,470,0,0,0,0,0,0,0,1684,1057,965,0,0,0,0,0,0,,,,,,,,,,,,,,,,,,,,,,,,,,,,,
500174,山东强联文化传媒有限公司,24,57,1126,393,7,40,296,24,58,45,332,155,88,0,167,0,0,126,308,0,0,0,0,0,0,0,0,0,0,,,,,,,,,,,,,,,,,,,,,,,,,,,,,
500489,山东本真图书有限公司,0,0,0,0,0,0,0,0,0,0,0,0,0,0,0,0,0,0,0,0,0,0,0,0,0,0,0,0,105,,,,,,,,,,,,,,,,,,,,,,,,,,,,,
500253,郑州天勤图书有限责任公司,0,0,0,0,0,0,20,0,0,0,0,0,0,0,0,0,20,75,60,2,88,84,478,519,130,93,152,131,478,,,,,,,,,,,,,,,,,,,,,,,,,,,,,
800001,新蕾出版社（天津）有限公司,6,6,0,7,6,14,0,17,0,15,7,7,0,7,9,8,9,8,8,0,0,0,0,0,0,0,0,0,0,,,,,,,,,,,,,,,,,,,,,,,,,,,,,
500531,河北三品图书有限公司,0,0,0,0,0,0,0,0,0,0,0,0,0,0,0,0,0,0,0,0,0,0,0,0,0,0,0,0,0,,,,,,,,,,,,,,,,,,,,,,,,,,,,,
500501,泽尚阳光北京教育科技有限公司,0,0,0,0,0,0,0,0,0,0,0,0,0,0,0,0,0,0,0,0,0,0,0,0,0,0,0,0,0,,,,,,,,,,,,,,,,,,,,,,,,,,,,,
500495,正定思立方文化传播有限公司,0,0,0,0,0,0,0,0,0,0,0,0,0,0,0,0,0,0,0,0,0,0,0,0,0,0,0,0,0,,,,,,,,,,,,,,,,,,,,,,,,,,,,,
500491,北京金榜园教育科技有限公司,0,0,0,0,0,0,0,0,0,0,0,0,0,0,0,0,0,0,0,0,0,0,0,0,0,0,0,0,0,,,,,,,,,,,,,,,,,,,,,,,,,,,,,
800008,浙江摄影出版社有限公司,0,0,0,0,0,0,0,0,0,0,0,0,0,0,0,0,0,0,0,0,0,0,0,0,0,0,0,0,0,,,,,,,,,,,,,,,,,,,,,,,,,,,,,
500407,成都全德文化传播有限公司,0,0,0,0,0,0,0,0,0,0,0,0,0,0,0,0,0,0,0,0,0,0,0,0,0,0,0,0,0,,,,,,,,,,,,,,,,,,,,,,,,,,,,,
500541,山东金考案教育科技有限公司,0,0,0,0,0,0,0,0,0,0,0,0,0,0,0,0,0,0,0,0,0,0,0,0,0,0,0,0,0,,,,,,,,,,,,,,,,,,,,,,,,,,,,,
500508,济南东和文化科技有限公司,0,0,0,0,0,0,0,0,0,0,0,0,0,0,0,0,0,0,0,0,0,0,0,0,0,0,0,0,0,,,,,,,,,,,,,,,,,,,,,,,,,,,,,
500251,北京京体大文化发展有限公司,0,0,0,0,0,0,0,0,0,0,0,0,0,0,0,0,0,0,0,0,0,0,0,0,0,0,0,0,0,,,,,,,,,,,,,,,,,,,,,,,,,,,,,
500567,包头市绿叶风科教文化有限公司,0,0,0,0,0,0,0,0,0,0,0,0,0,0,0,0,0,0,0,0,0,0,0,0,0,0,0,0,0,,,,,,,,,,,,,,,,,,,,,,,,,,,,,
500683,贵州用心育才教育信息咨询有限公司,0,0,0,0,0,0,0,0,0,0,0,0,0,0,0,0,0,0,0,0,0,0,0,0,0,0,0,0,0,,,,,,,,,,,,,,,,,,,,,,,,,,,,,
500565,北京天才推手教育科技有限公司,0,0,0,0,0,0,0,0,0,0,0,0,0,0,0,0,0,0,0,0,0,0,0,0,0,0,0,0,0,,,,,,,,,,,,,,,,,,,,,,,,,,,,,
500507,山东育博苑文化传媒有限公司,577,366,357,313,0,153,1452,1296,2090,1826,1698,1604,553,746,1806,2830,1583,427,622,665,1911,1980,1587,1331,1618,999,1499,1046,340,,,,,,,,,,,,,,,,,,,,,,,,,,,,,
500538,安徽木牍教育图书有限公司,1069,1077,1160,537,399,512,1479,0,3302,268,1161,811,1620,1346,88,86,60,683,254,4359,198,22,353,1996,1852,1275,239,51,167,,,,,,,,,,,,,,,,,,,,,,,,,,,,,
500572,山东金太阳教育集团有限公司,687,276,293,191,72,533,0,492,419,1315,1078,873,98,272,1753,1057,557,297,0,686,616,525,577,548,973,241,240,282,0,,,,,,,,,,,,,,,,,,,,,,,,,,,,,
500479,山东智乐星教育科技股份有限公司,0,2021,1550,1382,1810,2,0,4,0,0,0,0,0,0,0,20,8513,0,0,0,0,0,0,0,0,0,3642,435,152,,,,,,,,,,,,,,,,,,,,,,,,,,,,,
500499,湖北智慧万羽文化传媒有限公司,919,0,0,0,0,789,0,0,0,0,0,0,653,2,0,1438,211,211,0,88,88,836,234,247,0,0,0,0,2143,,,,,,,,,,,,,,,,,,,,,,,,,,,,,
500570,山东百川数字科技有限公司,297,233,503,383,74,0,0,0,0,0,0,0,0,0,0,0,0,0,0,0,0,0,0,0,0,0,0,0,0,,,,,,,,,,,,,,,,,,,,,,,,,,,,,
500464,山东文丰苑图书有限公司,322,271,278,0,0,0,0,0,270,499,362,565,156,177,0,21,0,0,70,18,126,407,497,351,0,0,0,197,0,,,,,,,,,,,,,,,,,,,,,,,,,,,,,
500488,山东旭阳教育科技有限公司,118,54,406,7,0,0,0,0,0,0,0,0,99,316,202,216,0,0,0,0,0,0,0,0,222,203,218,0,0,,,,,,,,,,,,,,,,,,,,,,,,,,,,,
500536,太原市晋文源图书有限公司,34,0,0,22,12,22,0,0,0,0,0,0,0,0,0,0,0,0,0,0,0,0,0,0,0,0,0,0,0,,,,,,,,,,,,,,,,,,,,,,,,,,,,,
500504,一川教育,0,0,0,0,0,0,0,0,0,0,0,0,0,0,0,0,0,0,0,0,0,0,0,0,0,0,0,0,0,,,,,,,,,,,,,,,,,,,,,,,,,,,,,
500473,北京明信弘德文化发展有限公司,0,0,0,0,0,0,0,0,0,0,0,0,0,0,0,0,0,0,0,0,0,0,0,0,0,0,0,0,0,,,,,,,,,,,,,,,,,,,,,,,,,,,,,
500534,北京时代圣哲教育科技有限公司,0,0,0,0,0,0,0,0,0,0,0,0,0,0,0,0,0,0,0,0,0,0,0,0,0,0,120,0,47,,,,,,,,,,,,,,,,,,,,,,,,,,,,,
500311,南京缘溪行文化传播有限公司,0,0,0,0,0,0,0,0,0,0,0,0,0,0,0,0,0,0,0,0,0,0,0,0,0,0,0,0,0,,,,,,,,,,,,,,,,,,,,,,,,,,,,,
500468,广州思脉图书发行有限公司,0,0,0,0,0,0,0,0,0,0,0,0,0,0,0,0,0,0,0,0,0,0,0,0,0,0,0,0,0,,,,,,,,,,,,,,,,,,,,,,,,,,,,,
500185,保定市三合图书销售有限公司,0,0,0,0,0,0,0,0,0,0,0,0,0,0,0,0,0,0,0,0,0,0,0,0,0,0,0,0,0,,,,,,,,,,,,,,,,,,,,,,,,,,,,,
500469,黑龙江学与考教育信息咨询有限公司,18,0,9,0,0,0,0,0,0,0,0,0,0,0,0,0,0,0,0,0,0,0,0,0,0,0,0,0,0,,,,,,,,,,,,,,,,,,,,,,,,,,,,,
500560,河北华翰书业有限公司,0,0,0,0,0,0,0,0,0,0,0,0,0,0,0,0,0,0,0,0,0,0,0,0,0,0,0,0,0,,,,,,,,,,,,,,,,,,,,,,,,,,,,,
500512,北京阅来阅好图书有限公司,0,0,0,0,0,0,0,0,0,0,0,0,0,0,0,0,0,0,0,0,0,0,0,0,0,0,0,0,0,,,,,,,,,,,,,,,,,,,,,,,,,,,,,
500558,连云港翰秦信息技术有限公司,0,0,0,0,0,0,0,0,0,0,0,0,0,0,0,0,0,0,0,0,0,0,0,0,0,0,0,0,0,,,,,,,,,,,,,,,,,,,,,,,,,,,,,
500462,武汉沃德丰教育科技有限公司,0,0,0,0,0,0,0,0,0,0,0,0,0,0,0,0,0,0,0,0,0,0,0,0,0,0,0,0,0,,,,,,,,,,,,,,,,,,,,,,,,,,,,,
500557,广州卓品文化传播有限公司,0,0,0,0,0,0,0,0,0,0,0,0,0,0,0,0,0,0,0,0,0,0,0,0,0,0,0,0,0,,,,,,,,,,,,,,,,,,,,,,,,,,,,,
500476,晋中市乐学文化咨询有限责任公司,0,0,0,0,0,0,0,0,0,0,0,0,0,0,0,0,0,0,0,0,0,0,0,0,0,0,0,0,0,,,,,,,,,,,,,,,,,,,,,,,,,,,,,
500511,忻州市青果教育咨询有限公司,0,0,0,0,0,0,0,0,0,0,0,0,0,0,0,0,0,0,0,0,0,0,0,0,0,0,0,0,0,,,,,,,,,,,,,,,,,,,,,,,,,,,,,
500461,北京志高行远教育科技有限公司,0,0,0,0,0,4,3,0,0,0,0,0,0,0,0,0,0,0,0,0,0,0,0,0,0,0,0,0,0,,,,,,,,,,,,,,,,,,,,,,,,,,,,,
800033,浙江大学出版社有限责任公司,0,0,0,0,0,0,0,0,0,0,0,0,0,0,0,0,0,0,0,0,0,0,0,0,0,0,0,0,0,,,,,,,,,,,,,,,,,,,,,,,,,,,,,
500555,贵州艺和教联文化有限公司,0,0,0,0,0,0,0,0,0,0,0,0,0,0,0,0,0,0,0,0,0,0,0,0,0,0,0,0,0,,,,,,,,,,,,,,,,,,,,,,,,,,,,,
500548,北京书诚汇发文化发展有限公司,0,0,0,0,0,0,0,0,0,0,0,0,0,0,0,0,0,0,0,0,0,0,0,0,0,0,0,0,0,,,,,,,,,,,,,,,,,,,,,,,,,,,,,
500481,西安九宗数码科技有限公司,0,0,0,0,0,0,0,0,0,0,0,0,0,0,0,0,0,0,0,0,0,0,0,0,0,0,0,0,0,,,,,,,,,,,,,,,,,,,,,,,,,,,,,
500470,福清智高点教育培训学校有限公司,0,0,0,0,0,0,0,0,0,0,0,0,0,0,0,0,0,0,0,0,0,0,0,0,0,0,0,0,0,,,,,,,,,,,,,,,,,,,,,,,,,,,,,
500498,河北天智达图书有限公司,0,0,0,0,0,0,0,0,0,0,0,0,0,0,0,0,0,0,0,0,0,0,0,0,0,0,0,0,0,,,,,,,,,,,,,,,,,,,,,,,,,,,,,
500533,《学习报》社有限责任公司,0,0,0,0,0,0,0,0,0,0,0,0,0,0,0,0,0,0,0,0,0,0,0,0,0,0,0,0,0,,,,,,,,,,,,,,,,,,,,,,,,,,,,,
500510,北京历说教育科技有限公司,0,0,0,0,0,0,0,0,0,0,0,0,0,0,0,0,0,0,0,0,0,0,0,0,0,0,0,0,0,,,,,,,,,,,,,,,,,,,,,,,,,,,,,
500493,中视天之聪教育科技（北京）有限公司,0,0,0,0,0,0,0,0,0,0,0,0,0,0,0,0,0,0,0,0,0,0,0,0,0,0,0,0,0,,,,,,,,,,,,,,,,,,,,,,,,,,,,,
500551,河南开祥文化传播有限公司,0,0,0,0,0,0,0,0,0,0,0,0,0,0,0,0,0,0,0,0,0,0,0,0,0,0,0,0,0,,,,,,,,,,,,,,,,,,,,,,,,,,,,,
500133,重庆亚太图书出版发行有限公司,0,0,0,0,0,0,0,0,0,0,0,0,0,0,0,0,0,0,0,0,0,0,0,0,0,0,0,0,0,,,,,,,,,,,,,,,,,,,,,,,,,,,,,
519731,鑫拓（广州）科技有限公司,0,0,0,0,0,0,0,0,0,0,0,0,0,0,0,0,0,0,0,0,0,0,0,0,0,0,0,0,21,,,,,,,,,,,,,,,,,,,,,,,,,,,,,
520221,梁山见山文化传播中心,0,0,0,0,0,0,0,0,0,0,0,0,0,0,0,0,0,0,0,0,0,0,0,0,0,0,0,1385,132,,,,,,,,,,,,,,,,,,,,,,,,,,,,,
520991,郑州载望图书有限公司,0,0,0,0,0,0,0,0,0,0,0,0,0,0,0,0,0,0,0,0,0,0,0,0,0,0,0,206,0,,,,,,,,,,,,,,,,,,,,,,,,,,,,,
520676,广州市昭阳博悦文化传播有限公司,0,0,0,0,0,0,0,0,0,0,0,0,0,0,0,0,0,0,0,0,0,0,0,0,0,0,0,3934,576,,,,,,,,,,,,,,,,,,,,,,,,,,,,,
520482,云南自有文化传播有限公司,0,0,0,0,0,0,0,0,0,0,0,0,0,0,0,0,0,0,0,0,0,0,0,0,0,0,0,132,62,,,,,,,,,,,,,,,,,,,,,,,,,,,,,
520481,武汉鑫南泓文化传媒有限公司,0,0,0,0,0,0,0,0,0,0,0,0,0,0,0,0,0,0,0,0,0,0,0,0,0,0,0,35,16,,,,,,,,,,,,,,,,,,,,,,,,,,,,,
521916,淄博汇智图书有限公司,0,0,0,0,0,0,0,0,0,0,0,0,0,0,0,0,0,0,0,0,0,0,0,0,0,0,0,0,525,,,,,,,,,,,,,,,,,,,,,,,,,,,,,
522276,北京先知时代文化中心,0,0,0,0,0,0,0,0,0,0,0,0,0,0,0,0,0,0,0,0,0,0,0,0,0,0,0,0,99,,,,,,,,,,,,,,,,,,,,,,,,,,,,,
